record_type,user_id,display_name,role,email_mask,created_at,status,agency_id,agency_name,manager_user_id,device_id,imei,iccid,sim_status,firmware_version,connection_type,assigned_user_id,approved_by,approved_at,geofence_id,name,type,center_lat,center_lon,radius_m,created_by,package_id,associated_at,timestamp,lat,lon,speed_kmph,battery_pct,rssi_dbm,fix_quality,event,command_id,command_type,issued_by,issued_at,ack_at,alert_id,alert_type,severity,raised_at,resolved_at,audit_id,actor_user_id,actor_role,action,target_id,ip_mask
user,U001,User001,end_user,user001@example.com,2025-08-17T12:00:00+05:53,active,,,,,,,,,,,,,,,,,,,,,,,,,,,,,,,,,,,,,,,,,,,,,
user,U002,User002,operator,user002@example.com,2025-08-10T12:00:00+05:53,active,,,,,,,,,,,,,,,,,,,,,,,,,,,,,,,,,,,,,,,,,,,,,
user,U003,User003,end_user,user003@example.com,2025-07-27T12:00:00+05:53,active,,,,,,,,,,,,,,,,,,,,,,,,,,,,,,,,,,,,,,,,,,,,,
user,U004,User004,agency_manager,user004@example.com,2025-08-16T12:00:00+05:53,active,,,,,,,,,,,,,,,,,,,,,,,,,,,,,,,,,,,,,,,,,,,,,
user,U005,User005,end_user,user005@example.com,2025-08-11T12:00:00+05:53,active,,,,,,,,,,,,,,,,,,,,,,,,,,,,,,,,,,,,,,,,,,,,,
user,U006,User006,end_user,user006@example.com,2025-07-31T12:00:00+05:53,active,,,,,,,,,,,,,,,,,,,,,,,,,,,,,,,,,,,,,,,,,,,,,
user,U007,User007,agency_manager,user007@example.com,2025-08-10T12:00:00+05:53,disabled,,,,,,,,,,,,,,,,,,,,,,,,,,,,,,,,,,,,,,,,,,,,,
user,U008,User008,admin,user008@example.com,2025-07-23T12:00:00+05:53,active,,,,,,,,,,,,,,,,,,,,,,,,,,,,,,,,,,,,,,,,,,,,,
user,U009,User009,operator,user009@example.com,2025-07-26T12:00:00+05:53,disabled,,,,,,,,,,,,,,,,,,,,,,,,,,,,,,,,,,,,,,,,,,,,,
user,U010,User010,admin,user010@example.com,2025-08-09T12:00:00+05:53,active,,,,,,,,,,,,,,,,,,,,,,,,,,,,,,,,,,,,,,,,,,,,,
agency,,,,,2025-06-21T12:00:00+05:53,active,A01,LogiPartner01,U004,,,,,,,,,,,,,,,,,,,,,,,,,,,,,,,,,,,,,,,,,,
agency,,,,,2025-08-02T12:00:00+05:53,active,A02,LogiPartner02,U007,,,,,,,,,,,,,,,,,,,,,,,,,,,,,,,,,,,,,,,,,,
agency,,,,,2025-07-15T12:00:00+05:53,active,A03,LogiPartner03,U004,,,,,,,,,,,,,,,,,,,,,,,,,,,,,,,,,,,,,,,,,,
device,,,,,2025-08-04T12:00:00+05:53,pending,A01,,,D0001,357050953913363,8991397824215222787,pending,1.1.1,lora,U006,U010,2025-08-16T12:00:00+05:53,,,,,,,,,,,,,,,,,,,,,,,,,,,,,,,,,
device,,,,,2025-07-30T12:00:00+05:53,pending,A03,,,D0002,351803457621458,8991356592776301977,inactive,1.0.3,wifi,U010,U010,2025-08-13T12:00:00+05:53,,,,,,,,,,,,,,,,,,,,,,,,,,,,,,,,,
device,,,,,2025-08-06T12:00:00+05:53,pending,A03,,,D0003,357511869014761,8991335885424739667,active,1.1.1,wifi,U006,U008,2025-08-09T12:00:00+05:53,,,,,,,,,,,,,,,,,,,,,,,,,,,,,,,,,
device,,,,,2025-08-03T12:00:00+05:53,pending,A01,,,D0004,355747568610807,8991874801964074536,active,1.1.1,lora,U008,U008,2025-08-17T12:00:00+05:53,,,,,,,,,,,,,,,,,,,,,,,,,,,,,,,,,
device,,,,,2025-08-09T12:00:00+05:53,active,A02,,,D0005,354711136021633,8991454294935665359,active,1.1.0,lora,U005,U008,2025-08-13T12:00:00+05:53,,,,,,,,,,,,,,,,,,,,,,,,,,,,,,,,,
device,,,,,2025-07-29T12:00:00+05:53,approved,A01,,,D0006,355623699700328,8991758185471675398,active,1.1.1,lora,U009,U008,2025-08-09T12:00:00+05:53,,,,,,,,,,,,,,,,,,,,,,,,,,,,,,,,,
device,,,,,2025-07-30T12:00:00+05:53,pending,A01,,,D0007,352932138724758,8991806441172261855,active,1.1.1,lora,U001,U010,2025-08-11T12:00:00+05:53,,,,,,,,,,,,,,,,,,,,,,,,,,,,,,,,,
device,,,,,2025-07-30T12:00:00+05:53,active,A03,,,D0008,353017435138489,8991945415078880052,active,1.1.1,lora,U005,U010,2025-08-15T12:00:00+05:53,,,,,,,,,,,,,,,,,,,,,,,,,,,,,,,,,
device,,,,,2025-08-02T12:00:00+05:53,active,A01,,,D0009,359808857184395,8991301145181009006,active,1.0.3,wifi,U005,U008,2025-08-15T12:00:00+05:53,,,,,,,,,,,,,,,,,,,,,,,,,,,,,,,,,
device,,,,,2025-08-06T12:00:00+05:53,active,A01,,,D0010,351012534834141,8991464967418425012,active,1.0.3,wifi,U009,U008,2025-08-17T12:00:00+05:53,,,,,,,,,,,,,,,,,,,,,,,,,,,,,,,,,
device,,,,,2025-08-07T12:00:00+05:53,active,A03,,,D0011,353215197391284,8991842810850313053,active,1.1.1,lora,U002,U010,2025-08-14T12:00:00+05:53,,,,,,,,,,,,,,,,,,,,,,,,,,,,,,,,,
device,,,,,2025-08-06T12:00:00+05:53,active,A03,,,D0012,358706775157873,8991682740731567051,active,1.0.3,lora,U005,U008,2025-08-08T12:00:00+05:53,,,,,,,,,,,,,,,,,,,,,,,,,,,,,,,,,
device,,,,,2025-08-06T12:00:00+05:53,active,A03,,,D0013,352245571400278,8991810558134636654,active,1.0.3,wifi,U004,U008,2025-08-09T12:00:00+05:53,,,,,,,,,,,,,,,,,,,,,,,,,,,,,,,,,
device,,,,,2025-07-31T12:00:00+05:53,active,A02,,,D0014,355275522566137,8991632523480043935,pending,1.0.3,lora,U008,U010,2025-08-11T12:00:00+05:53,,,,,,,,,,,,,,,,,,,,,,,,,,,,,,,,,
device,,,,,2025-07-31T12:00:00+05:53,approved,A02,,,D0015,352065574590958,8991919893806182458,active,1.0.3,lora,U001,U010,2025-08-15T12:00:00+05:53,,,,,,,,,,,,,,,,,,,,,,,,,,,,,,,,,
device,,,,,2025-08-06T12:00:00+05:53,active,A01,,,D0016,355395738516245,8991598920904748178,pending,1.1.1,lora,U005,U008,2025-08-16T12:00:00+05:53,,,,,,,,,,,,,,,,,,,,,,,,,,,,,,,,,
device,,,,,2025-07-29T12:00:00+05:53,active,A01,,,D0017,359467466353175,8991285362450397904,active,1.1.0,lora,U007,U010,2025-08-11T12:00:00+05:53,,,,,,,,,,,,,,,,,,,,,,,,,,,,,,,,,
device,,,,,2025-07-29T12:00:00+05:53,active,A01,,,D0018,354828090211154,8991165850304190022,active,1.1.1,lora,U004,U008,2025-08-17T12:00:00+05:53,,,,,,,,,,,,,,,,,,,,,,,,,,,,,,,,,
device,,,,,2025-08-10T12:00:00+05:53,pending,A03,,,D0019,351997108581093,8991671767352826658,active,1.0.3,lora,U009,U008,2025-08-11T12:00:00+05:53,,,,,,,,,,,,,,,,,,,,,,,,,,,,,,,,,
device,,,,,2025-08-05T12:00:00+05:53,approved,A03,,,D0020,358374810963284,8991757158589488018,active,1.1.0,wifi,U004,U010,2025-08-14T12:00:00+05:53,,,,,,,,,,,,,,,,,,,,,,,,,,,,,,,,,
device,,,,,2025-08-05T12:00:00+05:53,pending,A02,,,D0021,359041467255746,8991110484326739843,active,1.1.1,wifi,U003,U008,2025-08-09T12:00:00+05:53,,,,,,,,,,,,,,,,,,,,,,,,,,,,,,,,,
device,,,,,2025-08-13T12:00:00+05:53,active,A01,,,D0022,352210669092993,8991375040597170883,active,1.0.3,lora,U006,U010,2025-08-08T12:00:00+05:53,,,,,,,,,,,,,,,,,,,,,,,,,,,,,,,,,
device,,,,,2025-08-07T12:00:00+05:53,approved,A03,,,D0023,352823915366343,8991397762069473039,active,1.0.3,lte,U009,U010,2025-08-13T12:00:00+05:53,,,,,,,,,,,,,,,,,,,,,,,,,,,,,,,,,
device,,,,,2025-08-13T12:00:00+05:53,active,A03,,,D0024,359891716104934,8991382735500356704,pending,1.0.3,lora,U006,U010,2025-08-17T12:00:00+05:53,,,,,,,,,,,,,,,,,,,,,,,,,,,,,,,,,
device,,,,,2025-08-12T12:00:00+05:53,pending,A02,,,D0025,353840098471965,8991597463475654431,active,1.1.0,lte,U003,U008,2025-08-15T12:00:00+05:53,,,,,,,,,,,,,,,,,,,,,,,,,,,,,,,,,
device,,,,,2025-08-06T12:00:00+05:53,pending,A02,,,D0026,353605123258594,8991243492408311959,active,1.1.0,wifi,U010,U010,2025-08-14T12:00:00+05:53,,,,,,,,,,,,,,,,,,,,,,,,,,,,,,,,,
device,,,,,2025-08-08T12:00:00+05:53,approved,A03,,,D0027,358150582443075,8991798803951591940,inactive,1.0.3,wifi,U002,U010,2025-08-17T12:00:00+05:53,,,,,,,,,,,,,,,,,,,,,,,,,,,,,,,,,
device,,,,,2025-07-30T12:00:00+05:53,active,A03,,,D0028,355691170157410,8991986503408480401,inactive,1.1.0,wifi,U006,U008,2025-08-14T12:00:00+05:53,,,,,,,,,,,,,,,,,,,,,,,,,,,,,,,,,
device,,,,,2025-08-01T12:00:00+05:53,pending,A02,,,D0029,355006651823819,8991126642639586455,active,1.1.0,lora,U005,U010,2025-08-12T12:00:00+05:53,,,,,,,,,,,,,,,,,,,,,,,,,,,,,,,,,
device,,,,,2025-08-03T12:00:00+05:53,active,A03,,,D0030,353027343107120,8991301048541036492,active,1.1.0,lora,U009,U010,2025-08-12T12:00:00+05:53,,,,,,,,,,,,,,,,,,,,,,,,,,,,,,,,,
geofence,,,,,2025-08-03T12:00:00+05:53,active,,,,,,,,,,,,,G001,Mumbai-zone-1,circle,19.076,72.8777,250.0,U007,,,,,,,,,,,,,,,,,,,,,,,,,,
geofence,,,,,2025-08-17T12:00:00+05:53,active,,,,,,,,,,,,,G002,Bengaluru-zone-2,circle,12.9716,77.5946,400.0,U005,,,,,,,,,,,,,,,,,,,,,,,,,,
geofence,,,,,2025-08-09T12:00:00+05:53,active,,,,,,,,,,,,,G003,Delhi-zone-3,polygon,28.6139,77.209,400.0,U001,,,,,,,,,,,,,,,,,,,,,,,,,,
geofence,,,,,2025-08-11T12:00:00+05:53,active,,,,,,,,,,,,,G004,Mumbai-zone-4,circle,19.076,72.8777,400.0,U006,,,,,,,,,,,,,,,,,,,,,,,,,,
geofence,,,,,2025-08-12T12:00:00+05:53,active,,,,,,,,,,,,,G005,Bengaluru-zone-5,polygon,12.9716,77.5946,150.0,U010,,,,,,,,,,,,,,,,,,,,,,,,,,
geofence,,,,,2025-08-09T12:00:00+05:53,active,,,,,,,,,,,,,G006,Delhi-zone-6,circle,28.6139,77.209,400.0,U005,,,,,,,,,,,,,,,,,,,,,,,,,,
device_package,,,,,,delivered,A01,,,D0010,,,,,,,,,,,,,,,,P00001,2025-08-19T09:00:00+05:53,,,,,,,,,,,,,,,,,,,,,,,,
device_package,,,,,,pending,A03,,,D0011,,,,,,,,,,,,,,,,P00002,2025-08-19T00:00:00+05:53,,,,,,,,,,,,,,,,,,,,,,,,
device_package,,,,,,in_transit,A01,,,D0010,,,,,,,,,,,,,,,,P00003,2025-08-19T05:00:00+05:53,,,,,,,,,,,,,,,,,,,,,,,,
device_package,,,,,,pending,A01,,,D0007,,,,,,,,,,,,,,,,P00004,2025-08-19T01:00:00+05:53,,,,,,,,,,,,,,,,,,,,,,,,
device_package,,,,,,pending,A03,,,D0013,,,,,,,,,,,,,,,,P00005,2025-08-19T09:00:00+05:53,,,,,,,,,,,,,,,,,,,,,,,,
device_package,,,,,,pending,A02,,,D0029,,,,,,,,,,,,,,,,P00006,2025-08-18T17:00:00+05:53,,,,,,,,,,,,,,,,,,,,,,,,
device_package,,,,,,delivered,A03,,,D0019,,,,,,,,,,,,,,,,P00007,2025-08-18T21:00:00+05:53,,,,,,,,,,,,,,,,,,,,,,,,
device_package,,,,,,delivered,A01,,,D0018,,,,,,,,,,,,,,,,P00008,2025-08-18T12:00:00+05:53,,,,,,,,,,,,,,,,,,,,,,,,
device_package,,,,,,delivered,A01,,,D0010,,,,,,,,,,,,,,,,P00009,2025-08-18T18:00:00+05:53,,,,,,,,,,,,,,,,,,,,,,,,
device_package,,,,,,pending,A02,,,D0026,,,,,,,,,,,,,,,,P00010,2025-08-19T06:00:00+05:53,,,,,,,,,,,,,,,,,,,,,,,,
device_package,,,,,,delivered,A02,,,D0021,,,,,,,,,,,,,,,,P00011,2025-08-18T22:00:00+05:53,,,,,,,,,,,,,,,,,,,,,,,,
device_package,,,,,,pending,A02,,,D0015,,,,,,,,,,,,,,,,P00012,2025-08-19T02:00:00+05:53,,,,,,,,,,,,,,,,,,,,,,,,
device_package,,,,,,delivered,A01,,,D0007,,,,,,,,,,,,,,,,P00013,2025-08-19T04:00:00+05:53,,,,,,,,,,,,,,,,,,,,,,,,
device_package,,,,,,in_transit,A02,,,D0026,,,,,,,,,,,,,,,,P00014,2025-08-19T11:00:00+05:53,,,,,,,,,,,,,,,,,,,,,,,,
device_package,,,,,,delivered,A01,,,D0022,,,,,,,,,,,,,,,,P00015,2025-08-18T14:00:00+05:53,,,,,,,,,,,,,,,,,,,,,,,,
device_package,,,,,,pending,A01,,,D0017,,,,,,,,,,,,,,,,P00016,2025-08-19T09:00:00+05:53,,,,,,,,,,,,,,,,,,,,,,,,
device_package,,,,,,in_transit,A03,,,D0020,,,,,,,,,,,,,,,,P00017,2025-08-18T22:00:00+05:53,,,,,,,,,,,,,,,,,,,,,,,,
device_package,,,,,,in_transit,A03,,,D0027,,,,,,,,,,,,,,,,P00018,2025-08-19T12:00:00+05:53,,,,,,,,,,,,,,,,,,,,,,,,
device_package,,,,,,in_transit,A01,,,D0022,,,,,,,,,,,,,,,,P00019,2025-08-18T21:00:00+05:53,,,,,,,,,,,,,,,,,,,,,,,,
device_package,,,,,,in_transit,A02,,,D0026,,,,,,,,,,,,,,,,P00020,2025-08-18T18:00:00+05:53,,,,,,,,,,,,,,,,,,,,,,,,
telemetry,,,,,,,,,,D0028,,,,,,,,,G005,,,,,,,,,2025-08-18T12:00:00+05:53,19.072918,72.872044,16.5,42.0,-95.0,3D,location,,,,,,,,,,,,,,,,
telemetry,,,,,,,,,,D0028,,,,,,,,,G005,,,,,,,,,2025-08-18T12:10:00+05:53,19.060595,72.872904,23.0,69.0,-84.0,DGPS,location,,,,,,,,,,,,,,,,
telemetry,,,,,,,,,,D0028,,,,,,,,,G004,,,,,,,,,2025-08-18T12:20:00+05:53,19.094428,72.880703,20.6,85.0,-86.0,3D,location,,,,,,,,,,,,,,,,
telemetry,,,,,,,,,,D0028,,,,,,,,,G004,,,,,,,,,2025-08-18T12:30:00+05:53,19.072289,72.873127,24.7,49.0,-110.0,2D,location,,,,,,,,,,,,,,,,
telemetry,,,,,,,,,,D0028,,,,,,,,,G001,,,,,,,,,2025-08-18T12:40:00+05:53,19.078095,72.872858,14.9,51.0,-77.0,3D,exit,,,,,,,,,,,,,,,,
telemetry,,,,,,,,,,D0028,,,,,,,,,G002,,,,,,,,,2025-08-18T12:50:00+05:53,19.074835,72.873634,20.0,55.0,-103.0,3D,enter,,,,,,,,,,,,,,,,
telemetry,,,,,,,,,,D0028,,,,,,,,,G005,,,,,,,,,2025-08-18T13:00:00+05:53,19.074348,72.880666,13.7,82.0,-77.0,DGPS,enter,,,,,,,,,,,,,,,,
telemetry,,,,,,,,,,D0028,,,,,,,,,G006,,,,,,,,,2025-08-18T13:10:00+05:53,19.083862,72.898866,26.0,100.0,-82.0,DGPS,exit,,,,,,,,,,,,,,,,
telemetry,,,,,,,,,,D0028,,,,,,,,,G002,,,,,,,,,2025-08-18T13:20:00+05:53,19.077574,72.884418,15.0,67.0,-75.0,3D,exit,,,,,,,,,,,,,,,,
telemetry,,,,,,,,,,D0028,,,,,,,,,G003,,,,,,,,,2025-08-18T13:30:00+05:53,19.0646,72.883594,17.3,95.0,-80.0,3D,location,,,,,,,,,,,,,,,,
telemetry,,,,,,,,,,D0028,,,,,,,,,G005,,,,,,,,,2025-08-18T13:40:00+05:53,19.066304,72.870991,14.3,93.0,-70.0,3D,enter,,,,,,,,,,,,,,,,
telemetry,,,,,,,,,,D0028,,,,,,,,,G004,,,,,,,,,2025-08-18T13:50:00+05:53,19.076968,72.882135,24.4,80.0,-95.0,3D,location,,,,,,,,,,,,,,,,
telemetry,,,,,,,,,,D0028,,,,,,,,,G003,,,,,,,,,2025-08-18T14:00:00+05:53,19.082439,72.883452,19.0,85.0,-92.0,2D,enter,,,,,,,,,,,,,,,,
telemetry,,,,,,,,,,D0028,,,,,,,,,G002,,,,,,,,,2025-08-18T14:10:00+05:53,19.071511,72.86621,25.5,60.0,-76.0,2D,location,,,,,,,,,,,,,,,,
telemetry,,,,,,,,,,D0028,,,,,,,,,G002,,,,,,,,,2025-08-18T14:20:00+05:53,19.07472,72.874574,25.9,54.0,-86.0,DGPS,exit,,,,,,,,,,,,,,,,
telemetry,,,,,,,,,,D0028,,,,,,,,,G004,,,,,,,,,2025-08-18T14:30:00+05:53,19.069533,72.88406,21.5,53.0,-106.0,3D,enter,,,,,,,,,,,,,,,,
telemetry,,,,,,,,,,D0028,,,,,,,,,G001,,,,,,,,,2025-08-18T14:40:00+05:53,19.068528,72.877122,24.9,74.0,-81.0,3D,location,,,,,,,,,,,,,,,,
telemetry,,,,,,,,,,D0028,,,,,,,,,G005,,,,,,,,,2025-08-18T14:50:00+05:53,19.081728,72.889093,21.7,93.0,-84.0,3D,exit,,,,,,,,,,,,,,,,
telemetry,,,,,,,,,,D0028,,,,,,,,,G004,,,,,,,,,2025-08-18T15:00:00+05:53,19.100281,72.870688,18.0,41.0,-74.0,3D,location,,,,,,,,,,,,,,,,
telemetry,,,,,,,,,,D0028,,,,,,,,,G004,,,,,,,,,2025-08-18T15:10:00+05:53,19.075562,72.866891,25.2,100.0,-88.0,3D,enter,,,,,,,,,,,,,,,,
telemetry,,,,,,,,,,D0016,,,,,,,,,G002,,,,,,,,,2025-08-18T12:00:00+05:53,28.620405,77.209156,17.3,87.0,-76.0,DGPS,enter,,,,,,,,,,,,,,,,
telemetry,,,,,,,,,,D0016,,,,,,,,,G004,,,,,,,,,2025-08-18T12:10:00+05:53,28.603136,77.202527,23.7,54.0,-93.0,3D,location,,,,,,,,,,,,,,,,
telemetry,,,,,,,,,,D0016,,,,,,,,,G006,,,,,,,,,2025-08-18T12:20:00+05:53,28.612372,77.205499,22.5,64.0,-89.0,DGPS,enter,,,,,,,,,,,,,,,,
telemetry,,,,,,,,,,D0016,,,,,,,,,G002,,,,,,,,,2025-08-18T12:30:00+05:53,28.622239,77.211109,21.6,86.0,-100.0,3D,exit,,,,,,,,,,,,,,,,
telemetry,,,,,,,,,,D0016,,,,,,,,,G005,,,,,,,,,2025-08-18T12:40:00+05:53,28.623777,77.21044,18.5,74.0,-109.0,3D,exit,,,,,,,,,,,,,,,,
telemetry,,,,,,,,,,D0016,,,,,,,,,G006,,,,,,,,,2025-08-18T12:50:00+05:53,28.618747,77.206895,18.2,82.0,-109.0,2D,enter,,,,,,,,,,,,,,,,
telemetry,,,,,,,,,,D0016,,,,,,,,,G001,,,,,,,,,2025-08-18T13:00:00+05:53,28.623071,77.206605,6.7,48.0,-81.0,2D,enter,,,,,,,,,,,,,,,,
telemetry,,,,,,,,,,D0016,,,,,,,,,G004,,,,,,,,,2025-08-18T13:10:00+05:53,28.616388,77.205756,18.6,64.0,-90.0,2D,enter,,,,,,,,,,,,,,,,
telemetry,,,,,,,,,,D0016,,,,,,,,,G004,,,,,,,,,2025-08-18T13:20:00+05:53,28.617161,77.207638,21.1,61.0,-86.0,3D,enter,,,,,,,,,,,,,,,,
telemetry,,,,,,,,,,D0016,,,,,,,,,G001,,,,,,,,,2025-08-18T13:30:00+05:53,28.599339,77.201265,27.0,93.0,-105.0,3D,exit,,,,,,,,,,,,,,,,
telemetry,,,,,,,,,,D0016,,,,,,,,,G002,,,,,,,,,2025-08-18T13:40:00+05:53,28.613766,77.195274,14.6,74.0,-107.0,3D,exit,,,,,,,,,,,,,,,,
telemetry,,,,,,,,,,D0016,,,,,,,,,G002,,,,,,,,,2025-08-18T13:50:00+05:53,28.606753,77.209839,17.8,44.0,-108.0,2D,location,,,,,,,,,,,,,,,,
telemetry,,,,,,,,,,D0016,,,,,,,,,G002,,,,,,,,,2025-08-18T14:00:00+05:53,28.609154,77.209032,22.4,93.0,-109.0,DGPS,location,,,,,,,,,,,,,,,,
telemetry,,,,,,,,,,D0016,,,,,,,,,G001,,,,,,,,,2025-08-18T14:10:00+05:53,28.612035,77.204286,17.9,48.0,-80.0,DGPS,exit,,,,,,,,,,,,,,,,
telemetry,,,,,,,,,,D0016,,,,,,,,,G006,,,,,,,,,2025-08-18T14:20:00+05:53,28.616347,77.208939,23.8,100.0,-97.0,3D,enter,,,,,,,,,,,,,,,,
telemetry,,,,,,,,,,D0016,,,,,,,,,G005,,,,,,,,,2025-08-18T14:30:00+05:53,28.605621,77.202641,23.9,89.0,-87.0,2D,exit,,,,,,,,,,,,,,,,
telemetry,,,,,,,,,,D0016,,,,,,,,,G003,,,,,,,,,2025-08-18T14:40:00+05:53,28.608127,77.220351,27.0,87.0,-103.0,2D,location,,,,,,,,,,,,,,,,
telemetry,,,,,,,,,,D0016,,,,,,,,,G005,,,,,,,,,2025-08-18T14:50:00+05:53,28.623925,77.201777,20.4,77.0,-109.0,3D,exit,,,,,,,,,,,,,,,,
telemetry,,,,,,,,,,D0016,,,,,,,,,G006,,,,,,,,,2025-08-18T15:00:00+05:53,28.610347,77.216572,28.5,98.0,-86.0,3D,location,,,,,,,,,,,,,,,,
telemetry,,,,,,,,,,D0016,,,,,,,,,G006,,,,,,,,,2025-08-18T15:10:00+05:53,28.62019,77.209075,18.2,44.0,-73.0,DGPS,location,,,,,,,,,,,,,,,,
telemetry,,,,,,,,,,D0024,,,,,,,,,G005,,,,,,,,,2025-08-18T12:00:00+05:53,19.080673,72.868384,22.7,84.0,-91.0,DGPS,location,,,,,,,,,,,,,,,,
telemetry,,,,,,,,,,D0024,,,,,,,,,G003,,,,,,,,,2025-08-18T12:10:00+05:53,19.069414,72.882428,19.2,90.0,-74.0,2D,exit,,,,,,,,,,,,,,,,
telemetry,,,,,,,,,,D0024,,,,,,,,,G005,,,,,,,,,2025-08-18T12:20:00+05:53,19.073204,72.870954,18.2,67.0,-87.0,2D,exit,,,,,,,,,,,,,,,,
telemetry,,,,,,,,,,D0024,,,,,,,,,G004,,,,,,,,,2025-08-18T12:30:00+05:53,19.080004,72.885653,22.6,61.0,-110.0,3D,location,,,,,,,,,,,,,,,,
telemetry,,,,,,,,,,D0024,,,,,,,,,G004,,,,,,,,,2025-08-18T12:40:00+05:53,19.08582,72.897044,18.4,67.0,-87.0,DGPS,exit,,,,,,,,,,,,,,,,
telemetry,,,,,,,,,,D0024,,,,,,,,,G006,,,,,,,,,2025-08-18T12:50:00+05:53,19.074518,72.866729,26.0,49.0,-83.0,2D,exit,,,,,,,,,,,,,,,,
telemetry,,,,,,,,,,D0024,,,,,,,,,G005,,,,,,,,,2025-08-18T13:00:00+05:53,19.085356,72.871094,23.1,81.0,-93.0,DGPS,enter,,,,,,,,,,,,,,,,
telemetry,,,,,,,,,,D0024,,,,,,,,,G005,,,,,,,,,2025-08-18T13:10:00+05:53,19.084763,72.879424,24.2,69.0,-83.0,DGPS,enter,,,,,,,,,,,,,,,,
telemetry,,,,,,,,,,D0024,,,,,,,,,G003,,,,,,,,,2025-08-18T13:20:00+05:53,19.077259,72.86843,25.2,60.0,-95.0,2D,enter,,,,,,,,,,,,,,,,
telemetry,,,,,,,,,,D0024,,,,,,,,,G005,,,,,,,,,2025-08-18T13:30:00+05:53,19.085541,72.883296,15.2,55.0,-81.0,DGPS,exit,,,,,,,,,,,,,,,,
telemetry,,,,,,,,,,D0024,,,,,,,,,G004,,,,,,,,,2025-08-18T13:40:00+05:53,19.070592,72.869088,23.8,64.0,-89.0,2D,enter,,,,,,,,,,,,,,,,
telemetry,,,,,,,,,,D0024,,,,,,,,,G003,,,,,,,,,2025-08-18T13:50:00+05:53,19.085132,72.880934,24.7,51.0,-79.0,2D,enter,,,,,,,,,,,,,,,,
telemetry,,,,,,,,,,D0024,,,,,,,,,G006,,,,,,,,,2025-08-18T14:00:00+05:53,19.069753,72.878811,13.2,61.0,-93.0,DGPS,enter,,,,,,,,,,,,,,,,
telemetry,,,,,,,,,,D0024,,,,,,,,,G002,,,,,,,,,2025-08-18T14:10:00+05:53,19.070443,72.884394,18.8,75.0,-110.0,DGPS,location,,,,,,,,,,,,,,,,
telemetry,,,,,,,,,,D0024,,,,,,,,,G005,,,,,,,,,2025-08-18T14:20:00+05:53,19.084708,72.881798,33.7,55.0,-84.0,3D,location,,,,,,,,,,,,,,,,
telemetry,,,,,,,,,,D0024,,,,,,,,,G006,,,,,,,,,2025-08-18T14:30:00+05:53,19.076675,72.866985,19.8,84.0,-80.0,DGPS,enter,,,,,,,,,,,,,,,,
telemetry,,,,,,,,,,D0024,,,,,,,,,G003,,,,,,,,,2025-08-18T14:40:00+05:53,19.069066,72.885145,20.2,68.0,-109.0,2D,location,,,,,,,,,,,,,,,,
telemetry,,,,,,,,,,D0024,,,,,,,,,G006,,,,,,,,,2025-08-18T14:50:00+05:53,19.075012,72.876754,23.7,65.0,-95.0,3D,exit,,,,,,,,,,,,,,,,
telemetry,,,,,,,,,,D0024,,,,,,,,,G005,,,,,,,,,2025-08-18T15:00:00+05:53,19.072742,72.88362,25.2,63.0,-80.0,DGPS,enter,,,,,,,,,,,,,,,,
telemetry,,,,,,,,,,D0024,,,,,,,,,G003,,,,,,,,,2025-08-18T15:10:00+05:53,19.073537,72.870645,17.4,67.0,-75.0,3D,exit,,,,,,,,,,,,,,,,
telemetry,,,,,,,,,,D0018,,,,,,,,,G002,,,,,,,,,2025-08-18T12:00:00+05:53,12.976713,77.595283,23.2,57.0,-91.0,3D,location,,,,,,,,,,,,,,,,
telemetry,,,,,,,,,,D0018,,,,,,,,,G001,,,,,,,,,2025-08-18T12:10:00+05:53,12.984293,77.596306,16.0,86.0,-98.0,3D,exit,,,,,,,,,,,,,,,,
telemetry,,,,,,,,,,D0018,,,,,,,,,G002,,,,,,,,,2025-08-18T12:20:00+05:53,12.979213,77.594979,24.4,74.0,-99.0,2D,exit,,,,,,,,,,,,,,,,
telemetry,,,,,,,,,,D0018,,,,,,,,,G005,,,,,,,,,2025-08-18T12:30:00+05:53,12.979277,77.587514,26.9,70.0,-93.0,DGPS,exit,,,,,,,,,,,,,,,,
telemetry,,,,,,,,,,D0018,,,,,,,,,G002,,,,,,,,,2025-08-18T12:40:00+05:53,12.978117,77.590138,21.5,78.0,-92.0,2D,enter,,,,,,,,,,,,,,,,
telemetry,,,,,,,,,,D0018,,,,,,,,,G003,,,,,,,,,2025-08-18T12:50:00+05:53,12.973452,77.594777,24.4,54.0,-87.0,2D,location,,,,,,,,,,,,,,,,
telemetry,,,,,,,,,,D0018,,,,,,,,,G003,,,,,,,,,2025-08-18T13:00:00+05:53,12.981949,77.594654,26.7,85.0,-76.0,2D,location,,,,,,,,,,,,,,,,
telemetry,,,,,,,,,,D0018,,,,,,,,,G006,,,,,,,,,2025-08-18T13:10:00+05:53,12.978715,77.596316,20.9,43.0,-75.0,3D,location,,,,,,,,,,,,,,,,
telemetry,,,,,,,,,,D0018,,,,,,,,,G001,,,,,,,,,2025-08-18T13:20:00+05:53,12.963302,77.583511,20.8,80.0,-79.0,2D,exit,,,,,,,,,,,,,,,,
telemetry,,,,,,,,,,D0018,,,,,,,,,G004,,,,,,,,,2025-08-18T13:30:00+05:53,12.965437,77.594307,17.3,58.0,-80.0,3D,enter,,,,,,,,,,,,,,,,
telemetry,,,,,,,,,,D0018,,,,,,,,,G004,,,,,,,,,2025-08-18T13:40:00+05:53,12.958723,77.59724,17.9,51.0,-107.0,3D,location,,,,,,,,,,,,,,,,
telemetry,,,,,,,,,,D0018,,,,,,,,,G004,,,,,,,,,2025-08-18T13:50:00+05:53,12.972177,77.588001,18.3,92.0,-106.0,3D,location,,,,,,,,,,,,,,,,
telemetry,,,,,,,,,,D0018,,,,,,,,,G001,,,,,,,,,2025-08-18T14:00:00+05:53,12.982835,77.59555,22.7,76.0,-70.0,DGPS,location,,,,,,,,,,,,,,,,
telemetry,,,,,,,,,,D0018,,,,,,,,,G001,,,,,,,,,2025-08-18T14:10:00+05:53,12.96245,77.612252,29.2,49.0,-74.0,3D,location,,,,,,,,,,,,,,,,
telemetry,,,,,,,,,,D0018,,,,,,,,,G005,,,,,,,,,2025-08-18T14:20:00+05:53,12.981417,77.600723,20.1,47.0,-75.0,3D,exit,,,,,,,,,,,,,,,,
telemetry,,,,,,,,,,D0018,,,,,,,,,G005,,,,,,,,,2025-08-18T14:30:00+05:53,12.974783,77.602343,16.9,90.0,-71.0,2D,enter,,,,,,,,,,,,,,,,
telemetry,,,,,,,,,,D0018,,,,,,,,,G005,,,,,,,,,2025-08-18T14:40:00+05:53,12.9684,77.582268,16.1,68.0,-82.0,3D,enter,,,,,,,,,,,,,,,,
telemetry,,,,,,,,,,D0018,,,,,,,,,G001,,,,,,,,,2025-08-18T14:50:00+05:53,12.983561,77.59213,18.4,59.0,-74.0,DGPS,exit,,,,,,,,,,,,,,,,
telemetry,,,,,,,,,,D0018,,,,,,,,,G006,,,,,,,,,2025-08-18T15:00:00+05:53,12.973888,77.582688,24.7,87.0,-104.0,2D,location,,,,,,,,,,,,,,,,
telemetry,,,,,,,,,,D0018,,,,,,,,,G002,,,,,,,,,2025-08-18T15:10:00+05:53,12.980718,77.597388,28.3,56.0,-105.0,2D,location,,,,,,,,,,,,,,,,
telemetry,,,,,,,,,,D0009,,,,,,,,,G004,,,,,,,,,2025-08-18T12:00:00+05:53,28.604347,77.224122,16.3,44.0,-100.0,2D,enter,,,,,,,,,,,,,,,,
telemetry,,,,,,,,,,D0009,,,,,,,,,G003,,,,,,,,,2025-08-18T12:10:00+05:53,28.604685,77.207053,29.4,84.0,-72.0,3D,location,,,,,,,,,,,,,,,,
telemetry,,,,,,,,,,D0009,,,,,,,,,G003,,,,,,,,,2025-08-18T12:20:00+05:53,28.61376,77.201351,13.5,54.0,-92.0,DGPS,exit,,,,,,,,,,,,,,,,
telemetry,,,,,,,,,,D0009,,,,,,,,,G006,,,,,,,,,2025-08-18T12:30:00+05:53,28.613143,77.192638,13.5,95.0,-81.0,2D,location,,,,,,,,,,,,,,,,
telemetry,,,,,,,,,,D0009,,,,,,,,,G005,,,,,,,,,2025-08-18T12:40:00+05:53,28.62501,77.219853,19.4,99.0,-94.0,DGPS,exit,,,,,,,,,,,,,,,,
telemetry,,,,,,,,,,D0009,,,,,,,,,G001,,,,,,,,,2025-08-18T12:50:00+05:53,28.610547,77.20948,31.7,91.0,-98.0,3D,exit,,,,,,,,,,,,,,,,
telemetry,,,,,,,,,,D0009,,,,,,,,,G002,,,,,,,,,2025-08-18T13:00:00+05:53,28.616816,77.216461,19.0,54.0,-101.0,3D,location,,,,,,,,,,,,,,,,
telemetry,,,,,,,,,,D0009,,,,,,,,,G005,,,,,,,,,2025-08-18T13:10:00+05:53,28.614338,77.214308,20.6,43.0,-100.0,3D,exit,,,,,,,,,,,,,,,,
telemetry,,,,,,,,,,D0009,,,,,,,,,G004,,,,,,,,,2025-08-18T13:20:00+05:53,28.600239,77.219503,16.9,92.0,-74.0,3D,location,,,,,,,,,,,,,,,,
telemetry,,,,,,,,,,D0009,,,,,,,,,G004,,,,,,,,,2025-08-18T13:30:00+05:53,28.629102,77.214633,20.4,69.0,-91.0,DGPS,enter,,,,,,,,,,,,,,,,
telemetry,,,,,,,,,,D0009,,,,,,,,,G004,,,,,,,,,2025-08-18T13:40:00+05:53,28.617063,77.20811,17.6,72.0,-76.0,3D,location,,,,,,,,,,,,,,,,
telemetry,,,,,,,,,,D0009,,,,,,,,,G006,,,,,,,,,2025-08-18T13:50:00+05:53,28.615395,77.216258,17.7,78.0,-108.0,3D,enter,,,,,,,,,,,,,,,,
telemetry,,,,,,,,,,D0009,,,,,,,,,G001,,,,,,,,,2025-08-18T14:00:00+05:53,28.60942,77.206084,24.8,78.0,-94.0,2D,location,,,,,,,,,,,,,,,,
telemetry,,,,,,,,,,D0009,,,,,,,,,G001,,,,,,,,,2025-08-18T14:10:00+05:53,28.624358,77.211969,22.9,83.0,-74.0,DGPS,exit,,,,,,,,,,,,,,,,
telemetry,,,,,,,,,,D0009,,,,,,,,,G001,,,,,,,,,2025-08-18T14:20:00+05:53,28.609366,77.216191,22.8,92.0,-93.0,DGPS,location,,,,,,,,,,,,,,,,
telemetry,,,,,,,,,,D0009,,,,,,,,,G004,,,,,,,,,2025-08-18T14:30:00+05:53,28.608787,77.194338,13.9,70.0,-77.0,DGPS,enter,,,,,,,,,,,,,,,,
telemetry,,,,,,,,,,D0009,,,,,,,,,G006,,,,,,,,,2025-08-18T14:40:00+05:53,28.609082,77.21853,27.8,51.0,-73.0,3D,enter,,,,,,,,,,,,,,,,
telemetry,,,,,,,,,,D0009,,,,,,,,,G004,,,,,,,,,2025-08-18T14:50:00+05:53,28.610735,77.205654,21.3,45.0,-80.0,3D,enter,,,,,,,,,,,,,,,,
telemetry,,,,,,,,,,D0009,,,,,,,,,G003,,,,,,,,,2025-08-18T15:00:00+05:53,28.613987,77.216635,17.4,60.0,-104.0,2D,enter,,,,,,,,,,,,,,,,
telemetry,,,,,,,,,,D0009,,,,,,,,,G006,,,,,,,,,2025-08-18T15:10:00+05:53,28.620734,77.207038,24.3,84.0,-79.0,3D,enter,,,,,,,,,,,,,,,,
telemetry,,,,,,,,,,D0010,,,,,,,,,G003,,,,,,,,,2025-08-18T12:00:00+05:53,28.611949,77.203972,29.6,42.0,-81.0,2D,enter,,,,,,,,,,,,,,,,
telemetry,,,,,,,,,,D0010,,,,,,,,,G005,,,,,,,,,2025-08-18T12:10:00+05:53,28.62157,77.194302,17.8,60.0,-103.0,3D,location,,,,,,,,,,,,,,,,
telemetry,,,,,,,,,,D0010,,,,,,,,,G004,,,,,,,,,2025-08-18T12:20:00+05:53,28.622575,77.199185,23.9,82.0,-76.0,3D,location,,,,,,,,,,,,,,,,
telemetry,,,,,,,,,,D0010,,,,,,,,,G005,,,,,,,,,2025-08-18T12:30:00+05:53,28.618703,77.203266,20.0,52.0,-77.0,3D,enter,,,,,,,,,,,,,,,,
telemetry,,,,,,,,,,D0010,,,,,,,,,G002,,,,,,,,,2025-08-18T12:40:00+05:53,28.598852,77.223521,18.5,80.0,-82.0,2D,enter,,,,,,,,,,,,,,,,
telemetry,,,,,,,,,,D0010,,,,,,,,,G004,,,,,,,,,2025-08-18T12:50:00+05:53,28.619687,77.214035,26.8,75.0,-102.0,3D,exit,,,,,,,,,,,,,,,,
telemetry,,,,,,,,,,D0010,,,,,,,,,G006,,,,,,,,,2025-08-18T13:00:00+05:53,28.61078,77.210672,22.8,71.0,-103.0,2D,exit,,,,,,,,,,,,,,,,
telemetry,,,,,,,,,,D0010,,,,,,,,,G002,,,,,,,,,2025-08-18T13:10:00+05:53,28.620182,77.218468,17.6,91.0,-95.0,DGPS,enter,,,,,,,,,,,,,,,,
telemetry,,,,,,,,,,D0010,,,,,,,,,G004,,,,,,,,,2025-08-18T13:20:00+05:53,28.609118,77.220155,9.8,75.0,-110.0,DGPS,location,,,,,,,,,,,,,,,,
telemetry,,,,,,,,,,D0010,,,,,,,,,G001,,,,,,,,,2025-08-18T13:30:00+05:53,28.625204,77.20652,20.0,54.0,-103.0,3D,exit,,,,,,,,,,,,,,,,
telemetry,,,,,,,,,,D0010,,,,,,,,,G006,,,,,,,,,2025-08-18T13:40:00+05:53,28.608987,77.208605,26.4,93.0,-101.0,3D,enter,,,,,,,,,,,,,,,,
telemetry,,,,,,,,,,D0010,,,,,,,,,G004,,,,,,,,,2025-08-18T13:50:00+05:53,28.61945,77.213041,20.4,72.0,-93.0,3D,enter,,,,,,,,,,,,,,,,
telemetry,,,,,,,,,,D0010,,,,,,,,,G002,,,,,,,,,2025-08-18T14:00:00+05:53,28.603492,77.202077,18.3,55.0,-81.0,DGPS,enter,,,,,,,,,,,,,,,,
telemetry,,,,,,,,,,D0010,,,,,,,,,G006,,,,,,,,,2025-08-18T14:10:00+05:53,28.617195,77.209571,24.9,52.0,-72.0,DGPS,location,,,,,,,,,,,,,,,,
telemetry,,,,,,,,,,D0010,,,,,,,,,G004,,,,,,,,,2025-08-18T14:20:00+05:53,28.61731,77.209446,31.4,95.0,-106.0,3D,enter,,,,,,,,,,,,,,,,
telemetry,,,,,,,,,,D0010,,,,,,,,,G001,,,,,,,,,2025-08-18T14:30:00+05:53,28.616825,77.205457,29.3,99.0,-78.0,3D,enter,,,,,,,,,,,,,,,,
telemetry,,,,,,,,,,D0010,,,,,,,,,G005,,,,,,,,,2025-08-18T14:40:00+05:53,28.622543,77.223895,19.4,86.0,-91.0,DGPS,exit,,,,,,,,,,,,,,,,
telemetry,,,,,,,,,,D0010,,,,,,,,,G005,,,,,,,,,2025-08-18T14:50:00+05:53,28.620929,77.197084,23.9,71.0,-101.0,3D,enter,,,,,,,,,,,,,,,,
telemetry,,,,,,,,,,D0010,,,,,,,,,G005,,,,,,,,,2025-08-18T15:00:00+05:53,28.612764,77.197886,25.2,62.0,-89.0,DGPS,enter,,,,,,,,,,,,,,,,
telemetry,,,,,,,,,,D0010,,,,,,,,,G006,,,,,,,,,2025-08-18T15:10:00+05:53,28.600867,77.193313,21.8,69.0,-90.0,2D,location,,,,,,,,,,,,,,,,
telemetry,,,,,,,,,,D0029,,,,,,,,,G001,,,,,,,,,2025-08-18T12:00:00+05:53,28.618014,77.21696,23.7,64.0,-96.0,3D,enter,,,,,,,,,,,,,,,,
telemetry,,,,,,,,,,D0029,,,,,,,,,G004,,,,,,,,,2025-08-18T12:10:00+05:53,28.624532,77.214743,19.3,87.0,-80.0,DGPS,enter,,,,,,,,,,,,,,,,
telemetry,,,,,,,,,,D0029,,,,,,,,,G001,,,,,,,,,2025-08-18T12:20:00+05:53,28.61337,77.206685,21.5,82.0,-101.0,3D,location,,,,,,,,,,,,,,,,
telemetry,,,,,,,,,,D0029,,,,,,,,,G001,,,,,,,,,2025-08-18T12:30:00+05:53,28.605999,77.211796,19.6,72.0,-73.0,3D,enter,,,,,,,,,,,,,,,,
telemetry,,,,,,,,,,D0029,,,,,,,,,G001,,,,,,,,,2025-08-18T12:40:00+05:53,28.615885,77.211286,7.7,46.0,-77.0,3D,exit,,,,,,,,,,,,,,,,
telemetry,,,,,,,,,,D0029,,,,,,,,,G002,,,,,,,,,2025-08-18T12:50:00+05:53,28.607411,77.208109,19.7,49.0,-84.0,DGPS,location,,,,,,,,,,,,,,,,
telemetry,,,,,,,,,,D0029,,,,,,,,,G005,,,,,,,,,2025-08-18T13:00:00+05:53,28.615768,77.21148,27.6,70.0,-94.0,3D,exit,,,,,,,,,,,,,,,,
telemetry,,,,,,,,,,D0029,,,,,,,,,G006,,,,,,,,,2025-08-18T13:10:00+05:53,28.61615,77.206433,12.0,65.0,-105.0,3D,exit,,,,,,,,,,,,,,,,
telemetry,,,,,,,,,,D0029,,,,,,,,,G006,,,,,,,,,2025-08-18T13:20:00+05:53,28.604046,77.213392,25.3,64.0,-90.0,DGPS,enter,,,,,,,,,,,,,,,,
telemetry,,,,,,,,,,D0029,,,,,,,,,G005,,,,,,,,,2025-08-18T13:30:00+05:53,28.624998,77.20221,18.5,95.0,-76.0,2D,location,,,,,,,,,,,,,,,,
telemetry,,,,,,,,,,D0029,,,,,,,,,G003,,,,,,,,,2025-08-18T13:40:00+05:53,28.615645,77.225792,20.6,55.0,-70.0,DGPS,location,,,,,,,,,,,,,,,,
telemetry,,,,,,,,,,D0029,,,,,,,,,G001,,,,,,,,,2025-08-18T13:50:00+05:53,28.625069,77.210394,25.8,87.0,-105.0,3D,exit,,,,,,,,,,,,,,,,
telemetry,,,,,,,,,,D0029,,,,,,,,,G002,,,,,,,,,2025-08-18T14:00:00+05:53,28.621291,77.210362,14.9,85.0,-104.0,3D,exit,,,,,,,,,,,,,,,,
telemetry,,,,,,,,,,D0029,,,,,,,,,G003,,,,,,,,,2025-08-18T14:10:00+05:53,28.611963,77.221213,24.4,59.0,-109.0,2D,location,,,,,,,,,,,,,,,,
telemetry,,,,,,,,,,D0029,,,,,,,,,G004,,,,,,,,,2025-08-18T14:20:00+05:53,28.610778,77.206192,11.3,58.0,-88.0,3D,location,,,,,,,,,,,,,,,,
telemetry,,,,,,,,,,D0029,,,,,,,,,G005,,,,,,,,,2025-08-18T14:30:00+05:53,28.624299,77.216267,19.3,55.0,-77.0,3D,exit,,,,,,,,,,,,,,,,
telemetry,,,,,,,,,,D0029,,,,,,,,,G002,,,,,,,,,2025-08-18T14:40:00+05:53,28.615341,77.191195,17.6,90.0,-99.0,2D,location,,,,,,,,,,,,,,,,
telemetry,,,,,,,,,,D0029,,,,,,,,,G006,,,,,,,,,2025-08-18T14:50:00+05:53,28.623508,77.21705,21.7,79.0,-86.0,DGPS,location,,,,,,,,,,,,,,,,
telemetry,,,,,,,,,,D0029,,,,,,,,,G002,,,,,,,,,2025-08-18T15:00:00+05:53,28.613794,77.215532,18.6,71.0,-73.0,2D,enter,,,,,,,,,,,,,,,,
telemetry,,,,,,,,,,D0029,,,,,,,,,G003,,,,,,,,,2025-08-18T15:10:00+05:53,28.601914,77.208949,22.0,80.0,-94.0,3D,exit,,,,,,,,,,,,,,,,
telemetry,,,,,,,,,,D0025,,,,,,,,,G006,,,,,,,,,2025-08-18T12:00:00+05:53,19.084083,72.86672,19.4,97.0,-81.0,3D,exit,,,,,,,,,,,,,,,,
telemetry,,,,,,,,,,D0025,,,,,,,,,G003,,,,,,,,,2025-08-18T12:10:00+05:53,19.075458,72.86931,22.4,50.0,-106.0,3D,exit,,,,,,,,,,,,,,,,
telemetry,,,,,,,,,,D0025,,,,,,,,,G006,,,,,,,,,2025-08-18T12:20:00+05:53,19.081381,72.875485,30.3,59.0,-70.0,3D,enter,,,,,,,,,,,,,,,,
telemetry,,,,,,,,,,D0025,,,,,,,,,G004,,,,,,,,,2025-08-18T12:30:00+05:53,19.073701,72.874297,17.6,69.0,-91.0,2D,enter,,,,,,,,,,,,,,,,
telemetry,,,,,,,,,,D0025,,,,,,,,,G005,,,,,,,,,2025-08-18T12:40:00+05:53,19.070128,72.873441,12.8,46.0,-95.0,3D,enter,,,,,,,,,,,,,,,,
telemetry,,,,,,,,,,D0025,,,,,,,,,G003,,,,,,,,,2025-08-18T12:50:00+05:53,19.074621,72.878138,8.6,76.0,-92.0,DGPS,location,,,,,,,,,,,,,,,,
telemetry,,,,,,,,,,D0025,,,,,,,,,G001,,,,,,,,,2025-08-18T13:00:00+05:53,19.075266,72.878021,22.6,93.0,-85.0,3D,exit,,,,,,,,,,,,,,,,
telemetry,,,,,,,,,,D0025,,,,,,,,,G006,,,,,,,,,2025-08-18T13:10:00+05:53,19.084673,72.884186,16.9,95.0,-107.0,DGPS,enter,,,,,,,,,,,,,,,,
telemetry,,,,,,,,,,D0025,,,,,,,,,G005,,,,,,,,,2025-08-18T13:20:00+05:53,19.070698,72.882115,17.3,93.0,-92.0,2D,enter,,,,,,,,,,,,,,,,
telemetry,,,,,,,,,,D0025,,,,,,,,,G005,,,,,,,,,2025-08-18T13:30:00+05:53,19.067158,72.895787,18.4,54.0,-70.0,2D,enter,,,,,,,,,,,,,,,,
telemetry,,,,,,,,,,D0025,,,,,,,,,G001,,,,,,,,,2025-08-18T13:40:00+05:53,19.071489,72.861,24.3,83.0,-102.0,DGPS,exit,,,,,,,,,,,,,,,,
telemetry,,,,,,,,,,D0025,,,,,,,,,G004,,,,,,,,,2025-08-18T13:50:00+05:53,19.068887,72.877918,24.8,81.0,-108.0,3D,location,,,,,,,,,,,,,,,,
telemetry,,,,,,,,,,D0025,,,,,,,,,G002,,,,,,,,,2025-08-18T14:00:00+05:53,19.069,72.878306,27.6,77.0,-87.0,DGPS,location,,,,,,,,,,,,,,,,
telemetry,,,,,,,,,,D0025,,,,,,,,,G006,,,,,,,,,2025-08-18T14:10:00+05:53,19.058311,72.871525,15.5,98.0,-92.0,3D,enter,,,,,,,,,,,,,,,,
telemetry,,,,,,,,,,D0025,,,,,,,,,G005,,,,,,,,,2025-08-18T14:20:00+05:53,19.074654,72.877336,14.7,51.0,-98.0,2D,enter,,,,,,,,,,,,,,,,
telemetry,,,,,,,,,,D0025,,,,,,,,,G002,,,,,,,,,2025-08-18T14:30:00+05:53,19.071289,72.871809,18.2,73.0,-78.0,3D,enter,,,,,,,,,,,,,,,,
telemetry,,,,,,,,,,D0025,,,,,,,,,G006,,,,,,,,,2025-08-18T14:40:00+05:53,19.077571,72.884637,25.3,98.0,-80.0,3D,enter,,,,,,,,,,,,,,,,
telemetry,,,,,,,,,,D0025,,,,,,,,,G001,,,,,,,,,2025-08-18T14:50:00+05:53,19.080706,72.871042,20.0,91.0,-103.0,3D,location,,,,,,,,,,,,,,,,
telemetry,,,,,,,,,,D0025,,,,,,,,,G006,,,,,,,,,2025-08-18T15:00:00+05:53,19.093095,72.885429,17.8,88.0,-96.0,DGPS,exit,,,,,,,,,,,,,,,,
telemetry,,,,,,,,,,D0025,,,,,,,,,G001,,,,,,,,,2025-08-18T15:10:00+05:53,19.087391,72.874744,16.7,65.0,-75.0,3D,enter,,,,,,,,,,,,,,,,
telemetry,,,,,,,,,,D0013,,,,,,,,,G004,,,,,,,,,2025-08-18T12:00:00+05:53,19.086049,72.867723,10.4,56.0,-76.0,2D,enter,,,,,,,,,,,,,,,,
telemetry,,,,,,,,,,D0013,,,,,,,,,G004,,,,,,,,,2025-08-18T12:10:00+05:53,19.082777,72.877911,20.6,83.0,-94.0,DGPS,exit,,,,,,,,,,,,,,,,
telemetry,,,,,,,,,,D0013,,,,,,,,,G006,,,,,,,,,2025-08-18T12:20:00+05:53,19.073398,72.875883,17.7,100.0,-87.0,2D,location,,,,,,,,,,,,,,,,
telemetry,,,,,,,,,,D0013,,,,,,,,,G005,,,,,,,,,2025-08-18T12:30:00+05:53,19.071493,72.87479,17.9,70.0,-109.0,DGPS,enter,,,,,,,,,,,,,,,,
telemetry,,,,,,,,,,D0013,,,,,,,,,G006,,,,,,,,,2025-08-18T12:40:00+05:53,19.070034,72.873547,7.5,98.0,-71.0,2D,location,,,,,,,,,,,,,,,,
telemetry,,,,,,,,,,D0013,,,,,,,,,G003,,,,,,,,,2025-08-18T12:50:00+05:53,19.080929,72.880673,19.6,80.0,-81.0,DGPS,exit,,,,,,,,,,,,,,,,
telemetry,,,,,,,,,,D0013,,,,,,,,,G001,,,,,,,,,2025-08-18T13:00:00+05:53,19.077709,72.879784,16.4,66.0,-103.0,2D,location,,,,,,,,,,,,,,,,
telemetry,,,,,,,,,,D0013,,,,,,,,,G001,,,,,,,,,2025-08-18T13:10:00+05:53,19.072165,72.881725,21.0,59.0,-79.0,2D,location,,,,,,,,,,,,,,,,
telemetry,,,,,,,,,,D0013,,,,,,,,,G004,,,,,,,,,2025-08-18T13:20:00+05:53,19.090712,72.890039,24.7,96.0,-76.0,2D,enter,,,,,,,,,,,,,,,,
telemetry,,,,,,,,,,D0013,,,,,,,,,G005,,,,,,,,,2025-08-18T13:30:00+05:53,19.070516,72.873399,15.0,63.0,-76.0,3D,exit,,,,,,,,,,,,,,,,
telemetry,,,,,,,,,,D0013,,,,,,,,,G006,,,,,,,,,2025-08-18T13:40:00+05:53,19.078014,72.856818,17.7,86.0,-101.0,3D,location,,,,,,,,,,,,,,,,
telemetry,,,,,,,,,,D0013,,,,,,,,,G004,,,,,,,,,2025-08-18T13:50:00+05:53,19.073792,72.866087,24.0,93.0,-79.0,DGPS,enter,,,,,,,,,,,,,,,,
telemetry,,,,,,,,,,D0013,,,,,,,,,G004,,,,,,,,,2025-08-18T14:00:00+05:53,19.067798,72.87974,33.9,42.0,-87.0,2D,enter,,,,,,,,,,,,,,,,
telemetry,,,,,,,,,,D0013,,,,,,,,,G001,,,,,,,,,2025-08-18T14:10:00+05:53,19.064401,72.876568,18.0,100.0,-95.0,3D,exit,,,,,,,,,,,,,,,,
telemetry,,,,,,,,,,D0013,,,,,,,,,G003,,,,,,,,,2025-08-18T14:20:00+05:53,19.071666,72.883492,25.5,63.0,-76.0,DGPS,location,,,,,,,,,,,,,,,,
telemetry,,,,,,,,,,D0013,,,,,,,,,G001,,,,,,,,,2025-08-18T14:30:00+05:53,19.081556,72.872189,32.2,65.0,-93.0,2D,enter,,,,,,,,,,,,,,,,
telemetry,,,,,,,,,,D0013,,,,,,,,,G006,,,,,,,,,2025-08-18T14:40:00+05:53,19.063254,72.869833,20.8,45.0,-97.0,DGPS,exit,,,,,,,,,,,,,,,,
telemetry,,,,,,,,,,D0013,,,,,,,,,G002,,,,,,,,,2025-08-18T14:50:00+05:53,19.076644,72.881418,27.9,41.0,-107.0,3D,location,,,,,,,,,,,,,,,,
telemetry,,,,,,,,,,D0013,,,,,,,,,G001,,,,,,,,,2025-08-18T15:00:00+05:53,19.075137,72.878566,17.0,90.0,-74.0,2D,exit,,,,,,,,,,,,,,,,
telemetry,,,,,,,,,,D0013,,,,,,,,,G002,,,,,,,,,2025-08-18T15:10:00+05:53,19.080236,72.875274,18.4,53.0,-73.0,2D,enter,,,,,,,,,,,,,,,,
telemetry,,,,,,,,,,D0001,,,,,,,,,G003,,,,,,,,,2025-08-18T12:00:00+05:53,19.079913,72.885584,9.0,90.0,-72.0,2D,location,,,,,,,,,,,,,,,,
telemetry,,,,,,,,,,D0001,,,,,,,,,G002,,,,,,,,,2025-08-18T12:10:00+05:53,19.078598,72.875641,24.7,48.0,-76.0,3D,location,,,,,,,,,,,,,,,,
telemetry,,,,,,,,,,D0001,,,,,,,,,G001,,,,,,,,,2025-08-18T12:20:00+05:53,19.074199,72.887612,16.6,82.0,-109.0,2D,enter,,,,,,,,,,,,,,,,
telemetry,,,,,,,,,,D0001,,,,,,,,,G003,,,,,,,,,2025-08-18T12:30:00+05:53,19.059942,72.885711,15.8,90.0,-95.0,DGPS,location,,,,,,,,,,,,,,,,
telemetry,,,,,,,,,,D0001,,,,,,,,,G002,,,,,,,,,2025-08-18T12:40:00+05:53,19.064622,72.877822,18.8,51.0,-94.0,2D,exit,,,,,,,,,,,,,,,,
telemetry,,,,,,,,,,D0001,,,,,,,,,G006,,,,,,,,,2025-08-18T12:50:00+05:53,19.081926,72.884499,20.5,66.0,-77.0,2D,location,,,,,,,,,,,,,,,,
telemetry,,,,,,,,,,D0001,,,,,,,,,G005,,,,,,,,,2025-08-18T13:00:00+05:53,19.069629,72.879886,20.8,70.0,-82.0,3D,exit,,,,,,,,,,,,,,,,
telemetry,,,,,,,,,,D0001,,,,,,,,,G002,,,,,,,,,2025-08-18T13:10:00+05:53,19.080096,72.871035,18.0,46.0,-82.0,DGPS,exit,,,,,,,,,,,,,,,,
telemetry,,,,,,,,,,D0001,,,,,,,,,G004,,,,,,,,,2025-08-18T13:20:00+05:53,19.079668,72.887203,24.8,42.0,-77.0,3D,exit,,,,,,,,,,,,,,,,
telemetry,,,,,,,,,,D0001,,,,,,,,,G004,,,,,,,,,2025-08-18T13:30:00+05:53,19.076591,72.873987,22.0,41.0,-107.0,3D,enter,,,,,,,,,,,,,,,,
telemetry,,,,,,,,,,D0001,,,,,,,,,G006,,,,,,,,,2025-08-18T13:40:00+05:53,19.068142,72.871476,27.5,83.0,-104.0,3D,enter,,,,,,,,,,,,,,,,
telemetry,,,,,,,,,,D0001,,,,,,,,,G005,,,,,,,,,2025-08-18T13:50:00+05:53,19.078895,72.875052,24.1,44.0,-105.0,3D,location,,,,,,,,,,,,,,,,
telemetry,,,,,,,,,,D0001,,,,,,,,,G005,,,,,,,,,2025-08-18T14:00:00+05:53,19.085266,72.874313,17.9,44.0,-102.0,3D,exit,,,,,,,,,,,,,,,,
telemetry,,,,,,,,,,D0001,,,,,,,,,G003,,,,,,,,,2025-08-18T14:10:00+05:53,19.072021,72.885043,24.9,77.0,-75.0,DGPS,enter,,,,,,,,,,,,,,,,
telemetry,,,,,,,,,,D0001,,,,,,,,,G004,,,,,,,,,2025-08-18T14:20:00+05:53,19.085979,72.885384,11.8,78.0,-77.0,3D,exit,,,,,,,,,,,,,,,,
telemetry,,,,,,,,,,D0001,,,,,,,,,G006,,,,,,,,,2025-08-18T14:30:00+05:53,19.078023,72.869637,17.4,78.0,-83.0,2D,location,,,,,,,,,,,,,,,,
telemetry,,,,,,,,,,D0001,,,,,,,,,G002,,,,,,,,,2025-08-18T14:40:00+05:53,19.077228,72.884066,15.5,94.0,-75.0,DGPS,enter,,,,,,,,,,,,,,,,
telemetry,,,,,,,,,,D0001,,,,,,,,,G003,,,,,,,,,2025-08-18T14:50:00+05:53,19.059262,72.879075,33.2,68.0,-96.0,3D,enter,,,,,,,,,,,,,,,,
telemetry,,,,,,,,,,D0001,,,,,,,,,G001,,,,,,,,,2025-08-18T15:00:00+05:53,19.07454,72.878057,28.9,65.0,-84.0,DGPS,enter,,,,,,,,,,,,,,,,
telemetry,,,,,,,,,,D0001,,,,,,,,,G003,,,,,,,,,2025-08-18T15:10:00+05:53,19.08025,72.879352,22.2,67.0,-90.0,DGPS,enter,,,,,,,,,,,,,,,,
telemetry,,,,,,,,,,D0005,,,,,,,,,G001,,,,,,,,,2025-08-18T12:00:00+05:53,19.077802,72.869017,13.3,83.0,-80.0,2D,location,,,,,,,,,,,,,,,,
telemetry,,,,,,,,,,D0005,,,,,,,,,G006,,,,,,,,,2025-08-18T12:10:00+05:53,19.089585,72.879101,20.5,45.0,-83.0,2D,exit,,,,,,,,,,,,,,,,
telemetry,,,,,,,,,,D0005,,,,,,,,,G001,,,,,,,,,2025-08-18T12:20:00+05:53,19.07535,72.88365,32.7,63.0,-102.0,DGPS,exit,,,,,,,,,,,,,,,,
telemetry,,,,,,,,,,D0005,,,,,,,,,G006,,,,,,,,,2025-08-18T12:30:00+05:53,19.079772,72.87322,19.3,75.0,-75.0,3D,location,,,,,,,,,,,,,,,,
telemetry,,,,,,,,,,D0005,,,,,,,,,G004,,,,,,,,,2025-08-18T12:40:00+05:53,19.083711,72.87326,24.3,66.0,-88.0,DGPS,exit,,,,,,,,,,,,,,,,
telemetry,,,,,,,,,,D0005,,,,,,,,,G003,,,,,,,,,2025-08-18T12:50:00+05:53,19.059291,72.875949,23.1,43.0,-92.0,DGPS,enter,,,,,,,,,,,,,,,,
telemetry,,,,,,,,,,D0005,,,,,,,,,G002,,,,,,,,,2025-08-18T13:00:00+05:53,19.085145,72.871465,12.5,46.0,-74.0,DGPS,location,,,,,,,,,,,,,,,,
telemetry,,,,,,,,,,D0005,,,,,,,,,G001,,,,,,,,,2025-08-18T13:10:00+05:53,19.074123,72.869126,19.3,82.0,-80.0,2D,enter,,,,,,,,,,,,,,,,
telemetry,,,,,,,,,,D0005,,,,,,,,,G001,,,,,,,,,2025-08-18T13:20:00+05:53,19.075952,72.86765,24.0,94.0,-75.0,3D,enter,,,,,,,,,,,,,,,,
telemetry,,,,,,,,,,D0005,,,,,,,,,G005,,,,,,,,,2025-08-18T13:30:00+05:53,19.074868,72.885931,10.8,76.0,-96.0,3D,exit,,,,,,,,,,,,,,,,
telemetry,,,,,,,,,,D0005,,,,,,,,,G005,,,,,,,,,2025-08-18T13:40:00+05:53,19.068676,72.881636,16.0,79.0,-75.0,2D,exit,,,,,,,,,,,,,,,,
telemetry,,,,,,,,,,D0005,,,,,,,,,G002,,,,,,,,,2025-08-18T13:50:00+05:53,19.074815,72.877705,20.8,93.0,-93.0,2D,enter,,,,,,,,,,,,,,,,
telemetry,,,,,,,,,,D0005,,,,,,,,,G003,,,,,,,,,2025-08-18T14:00:00+05:53,19.071122,72.878837,16.1,84.0,-91.0,3D,location,,,,,,,,,,,,,,,,
telemetry,,,,,,,,,,D0005,,,,,,,,,G006,,,,,,,,,2025-08-18T14:10:00+05:53,19.080855,72.876825,20.8,51.0,-101.0,DGPS,enter,,,,,,,,,,,,,,,,
telemetry,,,,,,,,,,D0005,,,,,,,,,G006,,,,,,,,,2025-08-18T14:20:00+05:53,19.094503,72.869266,26.9,44.0,-101.0,DGPS,location,,,,,,,,,,,,,,,,
telemetry,,,,,,,,,,D0005,,,,,,,,,G004,,,,,,,,,2025-08-18T14:30:00+05:53,19.056853,72.861866,13.8,45.0,-77.0,2D,enter,,,,,,,,,,,,,,,,
telemetry,,,,,,,,,,D0005,,,,,,,,,G003,,,,,,,,,2025-08-18T14:40:00+05:53,19.067522,72.879252,21.4,69.0,-89.0,2D,enter,,,,,,,,,,,,,,,,
telemetry,,,,,,,,,,D0005,,,,,,,,,G005,,,,,,,,,2025-08-18T14:50:00+05:53,19.074165,72.876558,22.6,86.0,-90.0,DGPS,location,,,,,,,,,,,,,,,,
telemetry,,,,,,,,,,D0005,,,,,,,,,G002,,,,,,,,,2025-08-18T15:00:00+05:53,19.081999,72.867594,18.2,96.0,-107.0,2D,exit,,,,,,,,,,,,,,,,
telemetry,,,,,,,,,,D0005,,,,,,,,,G004,,,,,,,,,2025-08-18T15:10:00+05:53,19.075499,72.881397,16.1,43.0,-105.0,3D,exit,,,,,,,,,,,,,,,,
telemetry,,,,,,,,,,D0017,,,,,,,,,G004,,,,,,,,,2025-08-18T12:00:00+05:53,12.970958,77.594822,16.5,71.0,-72.0,3D,enter,,,,,,,,,,,,,,,,
telemetry,,,,,,,,,,D0017,,,,,,,,,G003,,,,,,,,,2025-08-18T12:10:00+05:53,12.966356,77.59533,19.3,53.0,-78.0,2D,enter,,,,,,,,,,,,,,,,
telemetry,,,,,,,,,,D0017,,,,,,,,,G006,,,,,,,,,2025-08-18T12:20:00+05:53,12.975203,77.586818,18.2,47.0,-92.0,DGPS,exit,,,,,,,,,,,,,,,,
telemetry,,,,,,,,,,D0017,,,,,,,,,G003,,,,,,,,,2025-08-18T12:30:00+05:53,12.96995,77.600613,15.3,71.0,-77.0,DGPS,location,,,,,,,,,,,,,,,,
telemetry,,,,,,,,,,D0017,,,,,,,,,G001,,,,,,,,,2025-08-18T12:40:00+05:53,12.973289,77.596467,28.2,54.0,-85.0,DGPS,location,,,,,,,,,,,,,,,,
telemetry,,,,,,,,,,D0017,,,,,,,,,G002,,,,,,,,,2025-08-18T12:50:00+05:53,12.964349,77.589744,15.3,53.0,-91.0,2D,enter,,,,,,,,,,,,,,,,
telemetry,,,,,,,,,,D0017,,,,,,,,,G001,,,,,,,,,2025-08-18T13:00:00+05:53,12.959578,77.607638,13.8,58.0,-90.0,2D,enter,,,,,,,,,,,,,,,,
telemetry,,,,,,,,,,D0017,,,,,,,,,G002,,,,,,,,,2025-08-18T13:10:00+05:53,12.965723,77.604322,11.2,87.0,-83.0,2D,enter,,,,,,,,,,,,,,,,
telemetry,,,,,,,,,,D0017,,,,,,,,,G005,,,,,,,,,2025-08-18T13:20:00+05:53,12.977046,77.58416,26.2,74.0,-96.0,DGPS,exit,,,,,,,,,,,,,,,,
telemetry,,,,,,,,,,D0017,,,,,,,,,G004,,,,,,,,,2025-08-18T13:30:00+05:53,12.955977,77.581644,17.3,91.0,-88.0,2D,exit,,,,,,,,,,,,,,,,
telemetry,,,,,,,,,,D0017,,,,,,,,,G004,,,,,,,,,2025-08-18T13:40:00+05:53,12.978597,77.594371,18.3,42.0,-83.0,2D,location,,,,,,,,,,,,,,,,
telemetry,,,,,,,,,,D0017,,,,,,,,,G004,,,,,,,,,2025-08-18T13:50:00+05:53,12.981292,77.610524,23.4,95.0,-90.0,DGPS,exit,,,,,,,,,,,,,,,,
telemetry,,,,,,,,,,D0017,,,,,,,,,G003,,,,,,,,,2025-08-18T14:00:00+05:53,12.967115,77.591511,13.6,65.0,-70.0,3D,location,,,,,,,,,,,,,,,,
telemetry,,,,,,,,,,D0017,,,,,,,,,G002,,,,,,,,,2025-08-18T14:10:00+05:53,12.972326,77.58256,22.8,65.0,-109.0,3D,exit,,,,,,,,,,,,,,,,
telemetry,,,,,,,,,,D0017,,,,,,,,,G004,,,,,,,,,2025-08-18T14:20:00+05:53,12.98604,77.599902,17.7,69.0,-87.0,2D,location,,,,,,,,,,,,,,,,
telemetry,,,,,,,,,,D0017,,,,,,,,,G004,,,,,,,,,2025-08-18T14:30:00+05:53,12.975394,77.606573,27.9,55.0,-83.0,DGPS,exit,,,,,,,,,,,,,,,,
telemetry,,,,,,,,,,D0017,,,,,,,,,G006,,,,,,,,,2025-08-18T14:40:00+05:53,12.964373,77.59837,19.2,45.0,-85.0,3D,enter,,,,,,,,,,,,,,,,
telemetry,,,,,,,,,,D0017,,,,,,,,,G001,,,,,,,,,2025-08-18T14:50:00+05:53,12.977407,77.597434,8.2,54.0,-89.0,2D,exit,,,,,,,,,,,,,,,,
telemetry,,,,,,,,,,D0017,,,,,,,,,G005,,,,,,,,,2025-08-18T15:00:00+05:53,12.969094,77.596067,12.8,80.0,-103.0,DGPS,location,,,,,,,,,,,,,,,,
telemetry,,,,,,,,,,D0017,,,,,,,,,G006,,,,,,,,,2025-08-18T15:10:00+05:53,12.975783,77.58334,16.0,97.0,-88.0,3D,exit,,,,,,,,,,,,,,,,
telemetry,,,,,,,,,,D0006,,,,,,,,,G003,,,,,,,,,2025-08-18T12:00:00+05:53,19.085657,72.870967,22.9,55.0,-104.0,2D,location,,,,,,,,,,,,,,,,
telemetry,,,,,,,,,,D0006,,,,,,,,,G006,,,,,,,,,2025-08-18T12:10:00+05:53,19.063374,72.893556,18.5,51.0,-72.0,2D,location,,,,,,,,,,,,,,,,
telemetry,,,,,,,,,,D0006,,,,,,,,,G004,,,,,,,,,2025-08-18T12:20:00+05:53,19.076686,72.879064,23.0,51.0,-70.0,3D,exit,,,,,,,,,,,,,,,,
telemetry,,,,,,,,,,D0006,,,,,,,,,G006,,,,,,,,,2025-08-18T12:30:00+05:53,19.065062,72.877659,16.7,88.0,-73.0,3D,exit,,,,,,,,,,,,,,,,
telemetry,,,,,,,,,,D0006,,,,,,,,,G003,,,,,,,,,2025-08-18T12:40:00+05:53,19.063835,72.88522,18.2,81.0,-70.0,DGPS,exit,,,,,,,,,,,,,,,,
telemetry,,,,,,,,,,D0006,,,,,,,,,G001,,,,,,,,,2025-08-18T12:50:00+05:53,19.077746,72.87907,18.3,60.0,-101.0,3D,enter,,,,,,,,,,,,,,,,
telemetry,,,,,,,,,,D0006,,,,,,,,,G003,,,,,,,,,2025-08-18T13:00:00+05:53,19.09022,72.87734,12.2,68.0,-70.0,3D,exit,,,,,,,,,,,,,,,,
telemetry,,,,,,,,,,D0006,,,,,,,,,G001,,,,,,,,,2025-08-18T13:10:00+05:53,19.073117,72.881507,22.7,43.0,-88.0,DGPS,enter,,,,,,,,,,,,,,,,
telemetry,,,,,,,,,,D0006,,,,,,,,,G001,,,,,,,,,2025-08-18T13:20:00+05:53,19.068168,72.884781,11.2,69.0,-82.0,2D,enter,,,,,,,,,,,,,,,,
telemetry,,,,,,,,,,D0006,,,,,,,,,G006,,,,,,,,,2025-08-18T13:30:00+05:53,19.084238,72.867649,18.9,93.0,-92.0,2D,location,,,,,,,,,,,,,,,,
telemetry,,,,,,,,,,D0006,,,,,,,,,G004,,,,,,,,,2025-08-18T13:40:00+05:53,19.083665,72.878611,24.1,79.0,-72.0,DGPS,enter,,,,,,,,,,,,,,,,
telemetry,,,,,,,,,,D0006,,,,,,,,,G001,,,,,,,,,2025-08-18T13:50:00+05:53,19.080454,72.887499,25.3,77.0,-75.0,DGPS,enter,,,,,,,,,,,,,,,,
telemetry,,,,,,,,,,D0006,,,,,,,,,G002,,,,,,,,,2025-08-18T14:00:00+05:53,19.072733,72.882522,12.4,98.0,-74.0,DGPS,enter,,,,,,,,,,,,,,,,
telemetry,,,,,,,,,,D0006,,,,,,,,,G002,,,,,,,,,2025-08-18T14:10:00+05:53,19.075583,72.883936,20.7,78.0,-80.0,DGPS,location,,,,,,,,,,,,,,,,
telemetry,,,,,,,,,,D0006,,,,,,,,,G006,,,,,,,,,2025-08-18T14:20:00+05:53,19.079216,72.876075,25.6,68.0,-104.0,3D,location,,,,,,,,,,,,,,,,
telemetry,,,,,,,,,,D0006,,,,,,,,,G002,,,,,,,,,2025-08-18T14:30:00+05:53,19.075421,72.874154,24.4,72.0,-99.0,2D,exit,,,,,,,,,,,,,,,,
telemetry,,,,,,,,,,D0006,,,,,,,,,G005,,,,,,,,,2025-08-18T14:40:00+05:53,19.065883,72.881517,14.8,68.0,-82.0,DGPS,exit,,,,,,,,,,,,,,,,
telemetry,,,,,,,,,,D0006,,,,,,,,,G003,,,,,,,,,2025-08-18T14:50:00+05:53,19.085201,72.875711,20.7,50.0,-87.0,3D,enter,,,,,,,,,,,,,,,,
telemetry,,,,,,,,,,D0006,,,,,,,,,G005,,,,,,,,,2025-08-18T15:00:00+05:53,19.078971,72.862999,16.7,66.0,-89.0,DGPS,location,,,,,,,,,,,,,,,,
telemetry,,,,,,,,,,D0006,,,,,,,,,G003,,,,,,,,,2025-08-18T15:10:00+05:53,19.083514,72.884311,21.4,90.0,-70.0,DGPS,location,,,,,,,,,,,,,,,,
telemetry,,,,,,,,,,D0014,,,,,,,,,G004,,,,,,,,,2025-08-18T12:00:00+05:53,12.961884,77.598926,23.6,46.0,-75.0,DGPS,enter,,,,,,,,,,,,,,,,
telemetry,,,,,,,,,,D0014,,,,,,,,,G003,,,,,,,,,2025-08-18T12:10:00+05:53,12.971939,77.603637,16.6,56.0,-72.0,2D,location,,,,,,,,,,,,,,,,
telemetry,,,,,,,,,,D0014,,,,,,,,,G003,,,,,,,,,2025-08-18T12:20:00+05:53,12.967929,77.576242,24.6,77.0,-101.0,3D,exit,,,,,,,,,,,,,,,,
telemetry,,,,,,,,,,D0014,,,,,,,,,G005,,,,,,,,,2025-08-18T12:30:00+05:53,12.97386,77.582174,11.2,84.0,-85.0,2D,exit,,,,,,,,,,,,,,,,
telemetry,,,,,,,,,,D0014,,,,,,,,,G005,,,,,,,,,2025-08-18T12:40:00+05:53,12.965317,77.600464,18.5,100.0,-105.0,3D,enter,,,,,,,,,,,,,,,,
telemetry,,,,,,,,,,D0014,,,,,,,,,G006,,,,,,,,,2025-08-18T12:50:00+05:53,12.965806,77.587166,14.7,81.0,-89.0,2D,exit,,,,,,,,,,,,,,,,
telemetry,,,,,,,,,,D0014,,,,,,,,,G006,,,,,,,,,2025-08-18T13:00:00+05:53,12.957678,77.585679,14.6,93.0,-77.0,2D,exit,,,,,,,,,,,,,,,,
telemetry,,,,,,,,,,D0014,,,,,,,,,G001,,,,,,,,,2025-08-18T13:10:00+05:53,12.976515,77.593376,15.9,67.0,-78.0,3D,enter,,,,,,,,,,,,,,,,
telemetry,,,,,,,,,,D0014,,,,,,,,,G003,,,,,,,,,2025-08-18T13:20:00+05:53,12.98823,77.589695,25.8,59.0,-99.0,2D,enter,,,,,,,,,,,,,,,,
telemetry,,,,,,,,,,D0014,,,,,,,,,G002,,,,,,,,,2025-08-18T13:30:00+05:53,12.983272,77.583,20.4,52.0,-96.0,2D,location,,,,,,,,,,,,,,,,
telemetry,,,,,,,,,,D0014,,,,,,,,,G005,,,,,,,,,2025-08-18T13:40:00+05:53,12.967874,77.590175,22.8,58.0,-104.0,DGPS,exit,,,,,,,,,,,,,,,,
telemetry,,,,,,,,,,D0014,,,,,,,,,G006,,,,,,,,,2025-08-18T13:50:00+05:53,12.967115,77.590936,19.2,96.0,-77.0,2D,enter,,,,,,,,,,,,,,,,
telemetry,,,,,,,,,,D0014,,,,,,,,,G005,,,,,,,,,2025-08-18T14:00:00+05:53,12.968912,77.585929,24.0,96.0,-71.0,2D,enter,,,,,,,,,,,,,,,,
telemetry,,,,,,,,,,D0014,,,,,,,,,G006,,,,,,,,,2025-08-18T14:10:00+05:53,12.979149,77.597139,18.1,49.0,-100.0,2D,exit,,,,,,,,,,,,,,,,
telemetry,,,,,,,,,,D0014,,,,,,,,,G004,,,,,,,,,2025-08-18T14:20:00+05:53,12.966522,77.589401,31.8,91.0,-100.0,DGPS,location,,,,,,,,,,,,,,,,
telemetry,,,,,,,,,,D0014,,,,,,,,,G006,,,,,,,,,2025-08-18T14:30:00+05:53,12.978352,77.588393,20.8,66.0,-87.0,DGPS,location,,,,,,,,,,,,,,,,
telemetry,,,,,,,,,,D0014,,,,,,,,,G006,,,,,,,,,2025-08-18T14:40:00+05:53,12.96899,77.598913,22.7,68.0,-71.0,3D,enter,,,,,,,,,,,,,,,,
telemetry,,,,,,,,,,D0014,,,,,,,,,G003,,,,,,,,,2025-08-18T14:50:00+05:53,12.979402,77.588316,20.5,54.0,-76.0,2D,enter,,,,,,,,,,,,,,,,
telemetry,,,,,,,,,,D0014,,,,,,,,,G006,,,,,,,,,2025-08-18T15:00:00+05:53,12.95901,77.58531,24.4,97.0,-98.0,3D,exit,,,,,,,,,,,,,,,,
telemetry,,,,,,,,,,D0014,,,,,,,,,G004,,,,,,,,,2025-08-18T15:10:00+05:53,12.964755,77.588387,20.0,68.0,-81.0,3D,exit,,,,,,,,,,,,,,,,
telemetry,,,,,,,,,,D0012,,,,,,,,,G005,,,,,,,,,2025-08-18T12:00:00+05:53,28.618902,77.200299,2.6,66.0,-100.0,2D,location,,,,,,,,,,,,,,,,
telemetry,,,,,,,,,,D0012,,,,,,,,,G006,,,,,,,,,2025-08-18T12:10:00+05:53,28.607634,77.218888,21.7,95.0,-94.0,2D,enter,,,,,,,,,,,,,,,,
telemetry,,,,,,,,,,D0012,,,,,,,,,G001,,,,,,,,,2025-08-18T12:20:00+05:53,28.623432,77.199717,11.8,95.0,-87.0,DGPS,exit,,,,,,,,,,,,,,,,
telemetry,,,,,,,,,,D0012,,,,,,,,,G003,,,,,,,,,2025-08-18T12:30:00+05:53,28.61723,77.210969,21.5,94.0,-77.0,2D,location,,,,,,,,,,,,,,,,
telemetry,,,,,,,,,,D0012,,,,,,,,,G004,,,,,,,,,2025-08-18T12:40:00+05:53,28.620618,77.212459,22.0,88.0,-100.0,3D,exit,,,,,,,,,,,,,,,,
telemetry,,,,,,,,,,D0012,,,,,,,,,G002,,,,,,,,,2025-08-18T12:50:00+05:53,28.619048,77.213121,24.3,49.0,-83.0,2D,enter,,,,,,,,,,,,,,,,
telemetry,,,,,,,,,,D0012,,,,,,,,,G004,,,,,,,,,2025-08-18T13:00:00+05:53,28.621161,77.221562,16.8,96.0,-88.0,2D,location,,,,,,,,,,,,,,,,
telemetry,,,,,,,,,,D0012,,,,,,,,,G002,,,,,,,,,2025-08-18T13:10:00+05:53,28.61736,77.205963,15.8,65.0,-78.0,3D,enter,,,,,,,,,,,,,,,,
telemetry,,,,,,,,,,D0012,,,,,,,,,G001,,,,,,,,,2025-08-18T13:20:00+05:53,28.608935,77.213059,22.1,45.0,-87.0,2D,enter,,,,,,,,,,,,,,,,
telemetry,,,,,,,,,,D0012,,,,,,,,,G006,,,,,,,,,2025-08-18T13:30:00+05:53,28.616783,77.207149,20.0,99.0,-104.0,DGPS,enter,,,,,,,,,,,,,,,,
telemetry,,,,,,,,,,D0012,,,,,,,,,G001,,,,,,,,,2025-08-18T13:40:00+05:53,28.619788,77.196784,20.1,90.0,-101.0,2D,enter,,,,,,,,,,,,,,,,
telemetry,,,,,,,,,,D0012,,,,,,,,,G002,,,,,,,,,2025-08-18T13:50:00+05:53,28.614548,77.215178,13.2,98.0,-80.0,DGPS,exit,,,,,,,,,,,,,,,,
telemetry,,,,,,,,,,D0012,,,,,,,,,G001,,,,,,,,,2025-08-18T14:00:00+05:53,28.624665,77.210752,21.3,70.0,-82.0,DGPS,location,,,,,,,,,,,,,,,,
telemetry,,,,,,,,,,D0012,,,,,,,,,G002,,,,,,,,,2025-08-18T14:10:00+05:53,28.61101,77.213413,20.2,41.0,-94.0,2D,exit,,,,,,,,,,,,,,,,
telemetry,,,,,,,,,,D0012,,,,,,,,,G004,,,,,,,,,2025-08-18T14:20:00+05:53,28.622605,77.197177,20.9,100.0,-72.0,DGPS,location,,,,,,,,,,,,,,,,
telemetry,,,,,,,,,,D0012,,,,,,,,,G003,,,,,,,,,2025-08-18T14:30:00+05:53,28.616841,77.207471,18.0,89.0,-92.0,2D,location,,,,,,,,,,,,,,,,
telemetry,,,,,,,,,,D0012,,,,,,,,,G006,,,,,,,,,2025-08-18T14:40:00+05:53,28.611287,77.210432,11.0,43.0,-95.0,3D,exit,,,,,,,,,,,,,,,,
telemetry,,,,,,,,,,D0012,,,,,,,,,G004,,,,,,,,,2025-08-18T14:50:00+05:53,28.620848,77.205062,20.6,69.0,-106.0,2D,exit,,,,,,,,,,,,,,,,
telemetry,,,,,,,,,,D0012,,,,,,,,,G005,,,,,,,,,2025-08-18T15:00:00+05:53,28.616543,77.204687,19.3,74.0,-109.0,DGPS,exit,,,,,,,,,,,,,,,,
telemetry,,,,,,,,,,D0012,,,,,,,,,G004,,,,,,,,,2025-08-18T15:10:00+05:53,28.599246,77.215005,25.4,55.0,-101.0,3D,location,,,,,,,,,,,,,,,,
telemetry,,,,,,,,,,D0023,,,,,,,,,G004,,,,,,,,,2025-08-18T12:00:00+05:53,28.601653,77.205666,13.9,62.0,-95.0,DGPS,location,,,,,,,,,,,,,,,,
telemetry,,,,,,,,,,D0023,,,,,,,,,G003,,,,,,,,,2025-08-18T12:10:00+05:53,28.61262,77.21432,24.9,82.0,-105.0,DGPS,location,,,,,,,,,,,,,,,,
telemetry,,,,,,,,,,D0023,,,,,,,,,G005,,,,,,,,,2025-08-18T12:20:00+05:53,28.621977,77.219749,18.9,73.0,-76.0,DGPS,exit,,,,,,,,,,,,,,,,
telemetry,,,,,,,,,,D0023,,,,,,,,,G001,,,,,,,,,2025-08-18T12:30:00+05:53,28.605642,77.20806,23.2,41.0,-86.0,3D,exit,,,,,,,,,,,,,,,,
telemetry,,,,,,,,,,D0023,,,,,,,,,G006,,,,,,,,,2025-08-18T12:40:00+05:53,28.605064,77.222616,24.5,64.0,-87.0,3D,location,,,,,,,,,,,,,,,,
telemetry,,,,,,,,,,D0023,,,,,,,,,G002,,,,,,,,,2025-08-18T12:50:00+05:53,28.612413,77.20317,16.7,62.0,-106.0,3D,exit,,,,,,,,,,,,,,,,
telemetry,,,,,,,,,,D0023,,,,,,,,,G005,,,,,,,,,2025-08-18T13:00:00+05:53,28.614434,77.207119,24.8,82.0,-70.0,2D,exit,,,,,,,,,,,,,,,,
telemetry,,,,,,,,,,D0023,,,,,,,,,G001,,,,,,,,,2025-08-18T13:10:00+05:53,28.611431,77.213146,19.9,88.0,-89.0,2D,enter,,,,,,,,,,,,,,,,
telemetry,,,,,,,,,,D0023,,,,,,,,,G002,,,,,,,,,2025-08-18T13:20:00+05:53,28.615842,77.207113,23.5,74.0,-89.0,DGPS,exit,,,,,,,,,,,,,,,,
telemetry,,,,,,,,,,D0023,,,,,,,,,G002,,,,,,,,,2025-08-18T13:30:00+05:53,28.619102,77.212772,23.0,69.0,-80.0,DGPS,location,,,,,,,,,,,,,,,,
telemetry,,,,,,,,,,D0023,,,,,,,,,G003,,,,,,,,,2025-08-18T13:40:00+05:53,28.607101,77.211651,26.2,44.0,-81.0,2D,location,,,,,,,,,,,,,,,,
telemetry,,,,,,,,,,D0023,,,,,,,,,G003,,,,,,,,,2025-08-18T13:50:00+05:53,28.617438,77.200546,19.8,42.0,-98.0,2D,enter,,,,,,,,,,,,,,,,
telemetry,,,,,,,,,,D0023,,,,,,,,,G004,,,,,,,,,2025-08-18T14:00:00+05:53,28.6166,77.202788,13.2,72.0,-85.0,DGPS,enter,,,,,,,,,,,,,,,,
telemetry,,,,,,,,,,D0023,,,,,,,,,G003,,,,,,,,,2025-08-18T14:10:00+05:53,28.611624,77.202924,19.9,42.0,-98.0,3D,location,,,,,,,,,,,,,,,,
telemetry,,,,,,,,,,D0023,,,,,,,,,G001,,,,,,,,,2025-08-18T14:20:00+05:53,28.602442,77.213632,16.8,95.0,-89.0,3D,enter,,,,,,,,,,,,,,,,
telemetry,,,,,,,,,,D0023,,,,,,,,,G004,,,,,,,,,2025-08-18T14:30:00+05:53,28.621069,77.206729,19.9,67.0,-85.0,DGPS,enter,,,,,,,,,,,,,,,,
telemetry,,,,,,,,,,D0023,,,,,,,,,G006,,,,,,,,,2025-08-18T14:40:00+05:53,28.612654,77.203356,32.4,61.0,-99.0,3D,enter,,,,,,,,,,,,,,,,
telemetry,,,,,,,,,,D0023,,,,,,,,,G001,,,,,,,,,2025-08-18T14:50:00+05:53,28.61033,77.217395,14.5,63.0,-77.0,3D,exit,,,,,,,,,,,,,,,,
telemetry,,,,,,,,,,D0023,,,,,,,,,G005,,,,,,,,,2025-08-18T15:00:00+05:53,28.616579,77.212928,19.9,67.0,-105.0,3D,location,,,,,,,,,,,,,,,,
telemetry,,,,,,,,,,D0023,,,,,,,,,G001,,,,,,,,,2025-08-18T15:10:00+05:53,28.609789,77.20684,18.0,74.0,-92.0,3D,location,,,,,,,,,,,,,,,,
telemetry,,,,,,,,,,D0002,,,,,,,,,G004,,,,,,,,,2025-08-18T12:00:00+05:53,12.988895,77.594433,22.6,82.0,-92.0,3D,exit,,,,,,,,,,,,,,,,
telemetry,,,,,,,,,,D0002,,,,,,,,,G006,,,,,,,,,2025-08-18T12:10:00+05:53,12.984428,77.588125,20.2,85.0,-83.0,2D,enter,,,,,,,,,,,,,,,,
telemetry,,,,,,,,,,D0002,,,,,,,,,G006,,,,,,,,,2025-08-18T12:20:00+05:53,12.969662,77.593964,19.1,62.0,-82.0,2D,enter,,,,,,,,,,,,,,,,
telemetry,,,,,,,,,,D0002,,,,,,,,,G006,,,,,,,,,2025-08-18T12:30:00+05:53,12.96633,77.596044,14.7,79.0,-83.0,3D,location,,,,,,,,,,,,,,,,
telemetry,,,,,,,,,,D0002,,,,,,,,,G003,,,,,,,,,2025-08-18T12:40:00+05:53,12.97872,77.599205,17.5,44.0,-70.0,3D,exit,,,,,,,,,,,,,,,,
telemetry,,,,,,,,,,D0002,,,,,,,,,G002,,,,,,,,,2025-08-18T12:50:00+05:53,12.968396,77.596636,16.0,91.0,-100.0,2D,exit,,,,,,,,,,,,,,,,
telemetry,,,,,,,,,,D0002,,,,,,,,,G002,,,,,,,,,2025-08-18T13:00:00+05:53,12.984646,77.597245,22.0,83.0,-82.0,2D,location,,,,,,,,,,,,,,,,
telemetry,,,,,,,,,,D0002,,,,,,,,,G004,,,,,,,,,2025-08-18T13:10:00+05:53,12.976506,77.590319,25.4,55.0,-87.0,3D,exit,,,,,,,,,,,,,,,,
telemetry,,,,,,,,,,D0002,,,,,,,,,G006,,,,,,,,,2025-08-18T13:20:00+05:53,12.972425,77.60162,19.0,42.0,-72.0,2D,enter,,,,,,,,,,,,,,,,
telemetry,,,,,,,,,,D0002,,,,,,,,,G004,,,,,,,,,2025-08-18T13:30:00+05:53,12.981084,77.597565,30.9,100.0,-87.0,3D,location,,,,,,,,,,,,,,,,
telemetry,,,,,,,,,,D0002,,,,,,,,,G003,,,,,,,,,2025-08-18T13:40:00+05:53,12.968939,77.596111,14.8,76.0,-102.0,DGPS,enter,,,,,,,,,,,,,,,,
telemetry,,,,,,,,,,D0002,,,,,,,,,G001,,,,,,,,,2025-08-18T13:50:00+05:53,12.967789,77.599171,25.6,60.0,-93.0,2D,location,,,,,,,,,,,,,,,,
telemetry,,,,,,,,,,D0002,,,,,,,,,G005,,,,,,,,,2025-08-18T14:00:00+05:53,12.992948,77.593886,15.3,87.0,-99.0,3D,enter,,,,,,,,,,,,,,,,
telemetry,,,,,,,,,,D0002,,,,,,,,,G003,,,,,,,,,2025-08-18T14:10:00+05:53,12.977024,77.586267,22.8,98.0,-75.0,2D,enter,,,,,,,,,,,,,,,,
telemetry,,,,,,,,,,D0002,,,,,,,,,G005,,,,,,,,,2025-08-18T14:20:00+05:53,12.967984,77.596163,25.5,85.0,-82.0,2D,enter,,,,,,,,,,,,,,,,
telemetry,,,,,,,,,,D0002,,,,,,,,,G001,,,,,,,,,2025-08-18T14:30:00+05:53,12.970803,77.601493,24.4,84.0,-79.0,2D,location,,,,,,,,,,,,,,,,
telemetry,,,,,,,,,,D0002,,,,,,,,,G002,,,,,,,,,2025-08-18T14:40:00+05:53,12.958177,77.587938,12.2,94.0,-106.0,3D,exit,,,,,,,,,,,,,,,,
telemetry,,,,,,,,,,D0002,,,,,,,,,G003,,,,,,,,,2025-08-18T14:50:00+05:53,12.986013,77.593821,28.9,68.0,-105.0,DGPS,exit,,,,,,,,,,,,,,,,
telemetry,,,,,,,,,,D0002,,,,,,,,,G005,,,,,,,,,2025-08-18T15:00:00+05:53,12.959843,77.590368,24.0,62.0,-106.0,DGPS,enter,,,,,,,,,,,,,,,,
telemetry,,,,,,,,,,D0002,,,,,,,,,G006,,,,,,,,,2025-08-18T15:10:00+05:53,12.972891,77.598537,13.7,97.0,-91.0,2D,exit,,,,,,,,,,,,,,,,
telemetry,,,,,,,,,,D0003,,,,,,,,,G005,,,,,,,,,2025-08-18T12:00:00+05:53,28.623813,77.215373,22.0,80.0,-99.0,3D,location,,,,,,,,,,,,,,,,
telemetry,,,,,,,,,,D0003,,,,,,,,,G002,,,,,,,,,2025-08-18T12:10:00+05:53,28.608964,77.211656,18.5,47.0,-98.0,2D,enter,,,,,,,,,,,,,,,,
telemetry,,,,,,,,,,D0003,,,,,,,,,G005,,,,,,,,,2025-08-18T12:20:00+05:53,28.602016,77.208586,19.2,41.0,-87.0,DGPS,enter,,,,,,,,,,,,,,,,
telemetry,,,,,,,,,,D0003,,,,,,,,,G005,,,,,,,,,2025-08-18T12:30:00+05:53,28.621549,77.190674,21.2,69.0,-75.0,2D,location,,,,,,,,,,,,,,,,
telemetry,,,,,,,,,,D0003,,,,,,,,,G006,,,,,,,,,2025-08-18T12:40:00+05:53,28.60558,77.211618,21.9,44.0,-91.0,3D,exit,,,,,,,,,,,,,,,,
telemetry,,,,,,,,,,D0003,,,,,,,,,G004,,,,,,,,,2025-08-18T12:50:00+05:53,28.613275,77.215621,13.8,70.0,-77.0,3D,exit,,,,,,,,,,,,,,,,
telemetry,,,,,,,,,,D0003,,,,,,,,,G006,,,,,,,,,2025-08-18T13:00:00+05:53,28.621876,77.203193,12.2,44.0,-102.0,3D,location,,,,,,,,,,,,,,,,
telemetry,,,,,,,,,,D0003,,,,,,,,,G005,,,,,,,,,2025-08-18T13:10:00+05:53,28.611939,77.191816,21.3,68.0,-81.0,DGPS,enter,,,,,,,,,,,,,,,,
telemetry,,,,,,,,,,D0003,,,,,,,,,G005,,,,,,,,,2025-08-18T13:20:00+05:53,28.612033,77.219118,23.2,48.0,-75.0,DGPS,location,,,,,,,,,,,,,,,,
telemetry,,,,,,,,,,D0003,,,,,,,,,G005,,,,,,,,,2025-08-18T13:30:00+05:53,28.603878,77.202124,22.6,89.0,-102.0,3D,location,,,,,,,,,,,,,,,,
telemetry,,,,,,,,,,D0003,,,,,,,,,G002,,,,,,,,,2025-08-18T13:40:00+05:53,28.619999,77.219027,26.1,93.0,-103.0,DGPS,enter,,,,,,,,,,,,,,,,
telemetry,,,,,,,,,,D0003,,,,,,,,,G006,,,,,,,,,2025-08-18T13:50:00+05:53,28.613255,77.211974,26.5,50.0,-100.0,3D,location,,,,,,,,,,,,,,,,
telemetry,,,,,,,,,,D0003,,,,,,,,,G001,,,,,,,,,2025-08-18T14:00:00+05:53,28.611716,77.212114,18.4,62.0,-77.0,3D,enter,,,,,,,,,,,,,,,,
telemetry,,,,,,,,,,D0003,,,,,,,,,G003,,,,,,,,,2025-08-18T14:10:00+05:53,28.609933,77.209397,16.6,52.0,-70.0,DGPS,location,,,,,,,,,,,,,,,,
telemetry,,,,,,,,,,D0003,,,,,,,,,G005,,,,,,,,,2025-08-18T14:20:00+05:53,28.612957,77.200512,19.1,80.0,-91.0,DGPS,location,,,,,,,,,,,,,,,,
telemetry,,,,,,,,,,D0003,,,,,,,,,G005,,,,,,,,,2025-08-18T14:30:00+05:53,28.617128,77.204171,20.0,72.0,-100.0,DGPS,location,,,,,,,,,,,,,,,,
telemetry,,,,,,,,,,D0003,,,,,,,,,G005,,,,,,,,,2025-08-18T14:40:00+05:53,28.614903,77.212712,19.3,50.0,-71.0,DGPS,enter,,,,,,,,,,,,,,,,
telemetry,,,,,,,,,,D0003,,,,,,,,,G001,,,,,,,,,2025-08-18T14:50:00+05:53,28.621718,77.191769,34.7,93.0,-74.0,2D,location,,,,,,,,,,,,,,,,
telemetry,,,,,,,,,,D0003,,,,,,,,,G006,,,,,,,,,2025-08-18T15:00:00+05:53,28.607628,77.212308,15.3,42.0,-74.0,3D,location,,,,,,,,,,,,,,,,
telemetry,,,,,,,,,,D0003,,,,,,,,,G005,,,,,,,,,2025-08-18T15:10:00+05:53,28.618539,77.211268,16.7,89.0,-74.0,3D,exit,,,,,,,,,,,,,,,,
telemetry,,,,,,,,,,D0026,,,,,,,,,G003,,,,,,,,,2025-08-18T12:00:00+05:53,19.083726,72.876451,22.7,71.0,-70.0,DGPS,exit,,,,,,,,,,,,,,,,
telemetry,,,,,,,,,,D0026,,,,,,,,,G006,,,,,,,,,2025-08-18T12:10:00+05:53,19.069396,72.877465,30.0,59.0,-80.0,2D,enter,,,,,,,,,,,,,,,,
telemetry,,,,,,,,,,D0026,,,,,,,,,G006,,,,,,,,,2025-08-18T12:20:00+05:53,19.082933,72.880044,17.8,59.0,-81.0,2D,location,,,,,,,,,,,,,,,,
telemetry,,,,,,,,,,D0026,,,,,,,,,G004,,,,,,,,,2025-08-18T12:30:00+05:53,19.076486,72.879205,22.2,50.0,-82.0,3D,enter,,,,,,,,,,,,,,,,
telemetry,,,,,,,,,,D0026,,,,,,,,,G002,,,,,,,,,2025-08-18T12:40:00+05:53,19.068248,72.882792,14.6,53.0,-89.0,DGPS,enter,,,,,,,,,,,,,,,,
telemetry,,,,,,,,,,D0026,,,,,,,,,G003,,,,,,,,,2025-08-18T12:50:00+05:53,19.087744,72.871821,21.5,95.0,-90.0,DGPS,enter,,,,,,,,,,,,,,,,
telemetry,,,,,,,,,,D0026,,,,,,,,,G005,,,,,,,,,2025-08-18T13:00:00+05:53,19.083237,72.875777,21.7,48.0,-87.0,DGPS,location,,,,,,,,,,,,,,,,
telemetry,,,,,,,,,,D0026,,,,,,,,,G001,,,,,,,,,2025-08-18T13:10:00+05:53,19.086333,72.882,21.8,60.0,-95.0,3D,enter,,,,,,,,,,,,,,,,
telemetry,,,,,,,,,,D0026,,,,,,,,,G001,,,,,,,,,2025-08-18T13:20:00+05:53,19.06387,72.870587,25.2,68.0,-95.0,2D,location,,,,,,,,,,,,,,,,
telemetry,,,,,,,,,,D0026,,,,,,,,,G004,,,,,,,,,2025-08-18T13:30:00+05:53,19.080104,72.883196,23.2,58.0,-86.0,DGPS,location,,,,,,,,,,,,,,,,
telemetry,,,,,,,,,,D0026,,,,,,,,,G005,,,,,,,,,2025-08-18T13:40:00+05:53,19.085286,72.875709,20.6,95.0,-100.0,3D,exit,,,,,,,,,,,,,,,,
telemetry,,,,,,,,,,D0026,,,,,,,,,G004,,,,,,,,,2025-08-18T13:50:00+05:53,19.068594,72.867964,11.8,60.0,-98.0,2D,exit,,,,,,,,,,,,,,,,
telemetry,,,,,,,,,,D0026,,,,,,,,,G004,,,,,,,,,2025-08-18T14:00:00+05:53,19.069627,72.889528,12.2,69.0,-79.0,3D,location,,,,,,,,,,,,,,,,
telemetry,,,,,,,,,,D0026,,,,,,,,,G004,,,,,,,,,2025-08-18T14:10:00+05:53,19.073815,72.867848,17.0,45.0,-85.0,DGPS,location,,,,,,,,,,,,,,,,
telemetry,,,,,,,,,,D0026,,,,,,,,,G001,,,,,,,,,2025-08-18T14:20:00+05:53,19.077222,72.872366,25.4,53.0,-73.0,3D,location,,,,,,,,,,,,,,,,
telemetry,,,,,,,,,,D0026,,,,,,,,,G006,,,,,,,,,2025-08-18T14:30:00+05:53,19.087045,72.860566,16.6,58.0,-79.0,DGPS,exit,,,,,,,,,,,,,,,,
telemetry,,,,,,,,,,D0026,,,,,,,,,G001,,,,,,,,,2025-08-18T14:40:00+05:53,19.076426,72.886279,17.7,70.0,-92.0,DGPS,location,,,,,,,,,,,,,,,,
telemetry,,,,,,,,,,D0026,,,,,,,,,G006,,,,,,,,,2025-08-18T14:50:00+05:53,19.075856,72.868888,12.3,67.0,-102.0,3D,enter,,,,,,,,,,,,,,,,
telemetry,,,,,,,,,,D0026,,,,,,,,,G001,,,,,,,,,2025-08-18T15:00:00+05:53,19.086407,72.863804,31.6,88.0,-85.0,3D,enter,,,,,,,,,,,,,,,,
telemetry,,,,,,,,,,D0026,,,,,,,,,G002,,,,,,,,,2025-08-18T15:10:00+05:53,19.081221,72.88288,22.9,43.0,-74.0,DGPS,enter,,,,,,,,,,,,,,,,
telemetry,,,,,,,,,,D0004,,,,,,,,,G005,,,,,,,,,2025-08-18T12:00:00+05:53,28.612081,77.212216,19.1,58.0,-106.0,3D,enter,,,,,,,,,,,,,,,,
telemetry,,,,,,,,,,D0004,,,,,,,,,G005,,,,,,,,,2025-08-18T12:10:00+05:53,28.617882,77.208724,15.2,88.0,-75.0,3D,exit,,,,,,,,,,,,,,,,
telemetry,,,,,,,,,,D0004,,,,,,,,,G001,,,,,,,,,2025-08-18T12:20:00+05:53,28.607632,77.200927,24.9,79.0,-103.0,2D,enter,,,,,,,,,,,,,,,,
telemetry,,,,,,,,,,D0004,,,,,,,,,G003,,,,,,,,,2025-08-18T12:30:00+05:53,28.609454,77.193317,22.0,63.0,-89.0,DGPS,location,,,,,,,,,,,,,,,,
telemetry,,,,,,,,,,D0004,,,,,,,,,G004,,,,,,,,,2025-08-18T12:40:00+05:53,28.624805,77.215341,17.0,52.0,-72.0,DGPS,exit,,,,,,,,,,,,,,,,
telemetry,,,,,,,,,,D0004,,,,,,,,,G002,,,,,,,,,2025-08-18T12:50:00+05:53,28.602475,77.207899,19.2,42.0,-108.0,2D,exit,,,,,,,,,,,,,,,,
telemetry,,,,,,,,,,D0004,,,,,,,,,G004,,,,,,,,,2025-08-18T13:00:00+05:53,28.606922,77.213519,29.2,61.0,-80.0,DGPS,location,,,,,,,,,,,,,,,,
telemetry,,,,,,,,,,D0004,,,,,,,,,G003,,,,,,,,,2025-08-18T13:10:00+05:53,28.6155,77.210316,15.3,78.0,-78.0,2D,exit,,,,,,,,,,,,,,,,
telemetry,,,,,,,,,,D0004,,,,,,,,,G005,,,,,,,,,2025-08-18T13:20:00+05:53,28.623961,77.208384,17.1,60.0,-100.0,3D,exit,,,,,,,,,,,,,,,,
telemetry,,,,,,,,,,D0004,,,,,,,,,G003,,,,,,,,,2025-08-18T13:30:00+05:53,28.614359,77.212871,20.7,93.0,-91.0,DGPS,exit,,,,,,,,,,,,,,,,
telemetry,,,,,,,,,,D0004,,,,,,,,,G004,,,,,,,,,2025-08-18T13:40:00+05:53,28.622584,77.212149,18.6,93.0,-78.0,DGPS,exit,,,,,,,,,,,,,,,,
telemetry,,,,,,,,,,D0004,,,,,,,,,G001,,,,,,,,,2025-08-18T13:50:00+05:53,28.616789,77.213098,13.5,76.0,-91.0,3D,enter,,,,,,,,,,,,,,,,
telemetry,,,,,,,,,,D0004,,,,,,,,,G005,,,,,,,,,2025-08-18T14:00:00+05:53,28.622176,77.206532,18.6,61.0,-103.0,3D,enter,,,,,,,,,,,,,,,,
telemetry,,,,,,,,,,D0004,,,,,,,,,G005,,,,,,,,,2025-08-18T14:10:00+05:53,28.61931,77.215128,16.5,90.0,-70.0,2D,enter,,,,,,,,,,,,,,,,
telemetry,,,,,,,,,,D0004,,,,,,,,,G002,,,,,,,,,2025-08-18T14:20:00+05:53,28.619681,77.204403,29.1,56.0,-73.0,DGPS,exit,,,,,,,,,,,,,,,,
telemetry,,,,,,,,,,D0004,,,,,,,,,G002,,,,,,,,,2025-08-18T14:30:00+05:53,28.607937,77.210964,16.1,43.0,-73.0,3D,exit,,,,,,,,,,,,,,,,
telemetry,,,,,,,,,,D0004,,,,,,,,,G002,,,,,,,,,2025-08-18T14:40:00+05:53,28.629903,77.198848,22.6,80.0,-71.0,3D,exit,,,,,,,,,,,,,,,,
telemetry,,,,,,,,,,D0004,,,,,,,,,G006,,,,,,,,,2025-08-18T14:50:00+05:53,28.608609,77.206096,22.3,55.0,-108.0,DGPS,location,,,,,,,,,,,,,,,,
telemetry,,,,,,,,,,D0004,,,,,,,,,G003,,,,,,,,,2025-08-18T15:00:00+05:53,28.622717,77.222315,12.3,52.0,-109.0,3D,enter,,,,,,,,,,,,,,,,
telemetry,,,,,,,,,,D0004,,,,,,,,,G002,,,,,,,,,2025-08-18T15:10:00+05:53,28.615828,77.22097,11.6,49.0,-84.0,DGPS,enter,,,,,,,,,,,,,,,,
command,,,,,,ack,,,,D0017,,,,,,,,,,,,,,,,,,,,,,,,,,C00001,reboot,U010,2025-08-18T15:00:00+05:53,2025-08-18T15:02:22+05:53,,,,,,,,,,,
command,,,,,,timeout,,,,D0022,,,,,,,,,,,,,,,,,,,,,,,,,,C00002,request_location,U010,2025-08-19T21:00:00+05:53,2025-08-19T21:06:26+05:53,,,,,,,,,,,
command,,,,,,ack,,,,D0015,,,,,,,,,,,,,,,,,,,,,,,,,,C00003,request_location,U009,2025-08-19T22:00:00+05:53,2025-08-19T22:06:03+05:53,,,,,,,,,,,
command,,,,,,ack,,,,D0007,,,,,,,,,,,,,,,,,,,,,,,,,,C00004,request_location,U008,2025-08-19T05:00:00+05:53,2025-08-19T05:09:32+05:53,,,,,,,,,,,
command,,,,,,ack,,,,D0010,,,,,,,,,,,,,,,,,,,,,,,,,,C00005,request_location,U009,2025-08-19T01:00:00+05:53,2025-08-19T01:08:21+05:53,,,,,,,,,,,
command,,,,,,failed,,,,D0018,,,,,,,,,,,,,,,,,,,,,,,,,,C00006,ota_update,U009,2025-08-19T06:00:00+05:53,2025-08-19T06:02:05+05:53,,,,,,,,,,,
command,,,,,,ack,,,,D0013,,,,,,,,,,,,,,,,,,,,,,,,,,C00007,ping,U009,2025-08-18T21:00:00+05:53,2025-08-18T21:04:58+05:53,,,,,,,,,,,
command,,,,,,ack,,,,D0023,,,,,,,,,,,,,,,,,,,,,,,,,,C00008,request_location,U002,2025-08-19T10:00:00+05:53,2025-08-19T10:07:33+05:53,,,,,,,,,,,
command,,,,,,ack,,,,D0007,,,,,,,,,,,,,,,,,,,,,,,,,,C00009,request_location,U008,2025-08-19T22:00:00+05:53,2025-08-19T22:04:38+05:53,,,,,,,,,,,
command,,,,,,ack,,,,D0020,,,,,,,,,,,,,,,,,,,,,,,,,,C00010,reboot,U008,2025-08-19T03:00:00+05:53,2025-08-19T03:00:52+05:53,,,,,,,,,,,
command,,,,,,ack,,,,D0002,,,,,,,,,,,,,,,,,,,,,,,,,,C00011,ota_update,U002,2025-08-19T14:00:00+05:53,2025-08-19T14:05:39+05:53,,,,,,,,,,,
command,,,,,,ack,,,,D0025,,,,,,,,,,,,,,,,,,,,,,,,,,C00012,reboot,U008,2025-08-18T12:00:00+05:53,2025-08-18T12:09:24+05:53,,,,,,,,,,,
command,,,,,,ack,,,,D0030,,,,,,,,,,,,,,,,,,,,,,,,,,C00013,request_location,U010,2025-08-19T18:00:00+05:53,2025-08-19T18:03:25+05:53,,,,,,,,,,,
command,,,,,,ack,,,,D0021,,,,,,,,,,,,,,,,,,,,,,,,,,C00014,reboot,U002,2025-08-18T17:00:00+05:53,2025-08-18T17:09:48+05:53,,,,,,,,,,,
command,,,,,,timeout,,,,D0024,,,,,,,,,,,,,,,,,,,,,,,,,,C00015,reboot,U002,2025-08-18T23:00:00+05:53,2025-08-18T23:07:08+05:53,,,,,,,,,,,
command,,,,,,failed,,,,D0002,,,,,,,,,,,,,,,,,,,,,,,,,,C00016,request_location,U010,2025-08-19T19:00:00+05:53,2025-08-19T19:03:11+05:53,,,,,,,,,,,
command,,,,,,ack,,,,D0001,,,,,,,,,,,,,,,,,,,,,,,,,,C00017,request_location,U009,2025-08-20T00:00:00+05:53,2025-08-20T00:01:50+05:53,,,,,,,,,,,
command,,,,,,ack,,,,D0021,,,,,,,,,,,,,,,,,,,,,,,,,,C00018,ota_update,U010,2025-08-18T20:00:00+05:53,2025-08-18T20:08:37+05:53,,,,,,,,,,,
command,,,,,,ack,,,,D0026,,,,,,,,,,,,,,,,,,,,,,,,,,C00019,ota_update,U002,2025-08-19T09:00:00+05:53,2025-08-19T09:02:47+05:53,,,,,,,,,,,
command,,,,,,ack,,,,D0023,,,,,,,,,,,,,,,,,,,,,,,,,,C00020,request_location,U008,2025-08-18T12:00:00+05:53,2025-08-18T12:05:46+05:53,,,,,,,,,,,
command,,,,,,ack,,,,D0025,,,,,,,,,,,,,,,,,,,,,,,,,,C00021,ota_update,U008,2025-08-18T23:00:00+05:53,2025-08-18T23:06:56+05:53,,,,,,,,,,,
command,,,,,,ack,,,,D0003,,,,,,,,,,,,,,,,,,,,,,,,,,C00022,reboot,U010,2025-08-18T18:00:00+05:53,2025-08-18T18:03:10+05:53,,,,,,,,,,,
command,,,,,,ack,,,,D0030,,,,,,,,,,,,,,,,,,,,,,,,,,C00023,ota_update,U008,2025-08-18T12:00:00+05:53,2025-08-18T12:04:28+05:53,,,,,,,,,,,
command,,,,,,ack,,,,D0025,,,,,,,,,,,,,,,,,,,,,,,,,,C00024,ping,U009,2025-08-19T09:00:00+05:53,2025-08-19T09:05:10+05:53,,,,,,,,,,,
command,,,,,,ack,,,,D0012,,,,,,,,,,,,,,,,,,,,,,,,,,C00025,ota_update,U008,2025-08-18T15:00:00+05:53,2025-08-18T15:02:02+05:53,,,,,,,,,,,
command,,,,,,ack,,,,D0013,,,,,,,,,,,,,,,,,,,,,,,,,,C00026,request_location,U009,2025-08-18T19:00:00+05:53,2025-08-18T19:05:03+05:53,,,,,,,,,,,
command,,,,,,ack,,,,D0008,,,,,,,,,,,,,,,,,,,,,,,,,,C00027,ota_update,U008,2025-08-19T18:00:00+05:53,2025-08-19T18:02:37+05:53,,,,,,,,,,,
command,,,,,,ack,,,,D0020,,,,,,,,,,,,,,,,,,,,,,,,,,C00028,ota_update,U009,2025-08-19T14:00:00+05:53,2025-08-19T14:09:23+05:53,,,,,,,,,,,
command,,,,,,ack,,,,D0026,,,,,,,,,,,,,,,,,,,,,,,,,,C00029,ota_update,U008,2025-08-19T03:00:00+05:53,2025-08-19T03:01:24+05:53,,,,,,,,,,,
command,,,,,,failed,,,,D0012,,,,,,,,,,,,,,,,,,,,,,,,,,C00030,ping,U002,2025-08-20T00:00:00+05:53,2025-08-20T00:01:55+05:53,,,,,,,,,,,
command,,,,,,ack,,,,D0029,,,,,,,,,,,,,,,,,,,,,,,,,,C00031,reboot,U008,2025-08-20T00:00:00+05:53,2025-08-20T00:09:10+05:53,,,,,,,,,,,
command,,,,,,ack,,,,D0028,,,,,,,,,,,,,,,,,,,,,,,,,,C00032,ota_update,U010,2025-08-18T19:00:00+05:53,2025-08-18T19:03:31+05:53,,,,,,,,,,,
command,,,,,,ack,,,,D0017,,,,,,,,,,,,,,,,,,,,,,,,,,C00033,reboot,U010,2025-08-18T15:00:00+05:53,2025-08-18T15:07:45+05:53,,,,,,,,,,,
command,,,,,,ack,,,,D0015,,,,,,,,,,,,,,,,,,,,,,,,,,C00034,request_location,U002,2025-08-19T23:00:00+05:53,2025-08-19T23:07:54+05:53,,,,,,,,,,,
command,,,,,,ack,,,,D0013,,,,,,,,,,,,,,,,,,,,,,,,,,C00035,ping,U009,2025-08-18T12:00:00+05:53,2025-08-18T12:03:44+05:53,,,,,,,,,,,
command,,,,,,timeout,,,,D0012,,,,,,,,,,,,,,,,,,,,,,,,,,C00036,ping,U002,2025-08-19T22:00:00+05:53,2025-08-19T22:01:02+05:53,,,,,,,,,,,
command,,,,,,ack,,,,D0016,,,,,,,,,,,,,,,,,,,,,,,,,,C00037,reboot,U002,2025-08-19T06:00:00+05:53,2025-08-19T06:06:59+05:53,,,,,,,,,,,
command,,,,,,failed,,,,D0025,,,,,,,,,,,,,,,,,,,,,,,,,,C00038,ota_update,U010,2025-08-19T11:00:00+05:53,2025-08-19T11:06:32+05:53,,,,,,,,,,,
command,,,,,,ack,,,,D0030,,,,,,,,,,,,,,,,,,,,,,,,,,C00039,reboot,U010,2025-08-19T12:00:00+05:53,2025-08-19T12:01:23+05:53,,,,,,,,,,,
command,,,,,,ack,,,,D0012,,,,,,,,,,,,,,,,,,,,,,,,,,C00040,ota_update,U002,2025-08-18T23:00:00+05:53,2025-08-18T23:09:11+05:53,,,,,,,,,,,
command,,,,,,ack,,,,D0024,,,,,,,,,,,,,,,,,,,,,,,,,,C00041,request_location,U008,2025-08-18T12:00:00+05:53,2025-08-18T12:00:24+05:53,,,,,,,,,,,
command,,,,,,ack,,,,D0024,,,,,,,,,,,,,,,,,,,,,,,,,,C00042,reboot,U010,2025-08-19T22:00:00+05:53,2025-08-19T22:06:29+05:53,,,,,,,,,,,
command,,,,,,ack,,,,D0012,,,,,,,,,,,,,,,,,,,,,,,,,,C00043,ping,U008,2025-08-19T05:00:00+05:53,2025-08-19T05:03:14+05:53,,,,,,,,,,,
command,,,,,,ack,,,,D0022,,,,,,,,,,,,,,,,,,,,,,,,,,C00044,reboot,U010,2025-08-18T13:00:00+05:53,2025-08-18T13:04:07+05:53,,,,,,,,,,,
command,,,,,,ack,,,,D0020,,,,,,,,,,,,,,,,,,,,,,,,,,C00045,reboot,U002,2025-08-19T16:00:00+05:53,2025-08-19T16:00:50+05:53,,,,,,,,,,,
command,,,,,,ack,,,,D0013,,,,,,,,,,,,,,,,,,,,,,,,,,C00046,reboot,U010,2025-08-19T02:00:00+05:53,2025-08-19T02:09:13+05:53,,,,,,,,,,,
command,,,,,,ack,,,,D0025,,,,,,,,,,,,,,,,,,,,,,,,,,C00047,request_location,U002,2025-08-18T20:00:00+05:53,2025-08-18T20:08:36+05:53,,,,,,,,,,,
command,,,,,,ack,,,,D0030,,,,,,,,,,,,,,,,,,,,,,,,,,C00048,reboot,U009,2025-08-20T00:00:00+05:53,2025-08-20T00:05:29+05:53,,,,,,,,,,,
command,,,,,,ack,,,,D0005,,,,,,,,,,,,,,,,,,,,,,,,,,C00049,request_location,U008,2025-08-19T14:00:00+05:53,2025-08-19T14:05:08+05:53,,,,,,,,,,,
command,,,,,,ack,,,,D0019,,,,,,,,,,,,,,,,,,,,,,,,,,C00050,ota_update,U008,2025-08-19T15:00:00+05:53,2025-08-19T15:09:30+05:53,,,,,,,,,,,
command,,,,,,ack,,,,D0012,,,,,,,,,,,,,,,,,,,,,,,,,,C00051,ota_update,U010,2025-08-19T21:00:00+05:53,2025-08-19T21:05:27+05:53,,,,,,,,,,,
command,,,,,,ack,,,,D0010,,,,,,,,,,,,,,,,,,,,,,,,,,C00052,ota_update,U010,2025-08-18T23:00:00+05:53,2025-08-18T23:09:11+05:53,,,,,,,,,,,
command,,,,,,ack,,,,D0008,,,,,,,,,,,,,,,,,,,,,,,,,,C00053,ping,U009,2025-08-18T21:00:00+05:53,2025-08-18T21:07:55+05:53,,,,,,,,,,,
command,,,,,,ack,,,,D0014,,,,,,,,,,,,,,,,,,,,,,,,,,C00054,request_location,U008,2025-08-19T12:00:00+05:53,2025-08-19T12:04:09+05:53,,,,,,,,,,,
command,,,,,,ack,,,,D0021,,,,,,,,,,,,,,,,,,,,,,,,,,C00055,ping,U002,2025-08-19T16:00:00+05:53,2025-08-19T16:06:20+05:53,,,,,,,,,,,
command,,,,,,ack,,,,D0027,,,,,,,,,,,,,,,,,,,,,,,,,,C00056,ota_update,U008,2025-08-18T15:00:00+05:53,2025-08-18T15:04:35+05:53,,,,,,,,,,,
command,,,,,,ack,,,,D0020,,,,,,,,,,,,,,,,,,,,,,,,,,C00057,reboot,U002,2025-08-18T16:00:00+05:53,2025-08-18T16:03:13+05:53,,,,,,,,,,,
command,,,,,,timeout,,,,D0028,,,,,,,,,,,,,,,,,,,,,,,,,,C00058,reboot,U009,2025-08-19T07:00:00+05:53,2025-08-19T07:00:16+05:53,,,,,,,,,,,
command,,,,,,ack,,,,D0024,,,,,,,,,,,,,,,,,,,,,,,,,,C00059,reboot,U002,2025-08-19T18:00:00+05:53,2025-08-19T18:04:09+05:53,,,,,,,,,,,
command,,,,,,ack,,,,D0008,,,,,,,,,,,,,,,,,,,,,,,,,,C00060,ota_update,U009,2025-08-19T06:00:00+05:53,2025-08-19T06:06:30+05:53,,,,,,,,,,,
alert,,,,,,,,,,D0012,,,,,,,,,G005,,,,,,,,,,,,,,,,,,,,,,A00001,low_battery,medium,2025-08-19T07:00:00+05:53,2025-08-19T08:08:00+05:53,,,,,,
alert,,,,,,,,,,D0015,,,,,,,,,G003,,,,,,,,,,,,,,,,,,,,,,A00002,connectivity_drop,medium,2025-08-18T18:00:00+05:53,2025-08-18T18:31:00+05:53,,,,,,
alert,,,,,,,,,,D0012,,,,,,,,,G005,,,,,,,,,,,,,,,,,,,,,,A00003,low_battery,low,2025-08-19T08:00:00+05:53,2025-08-19T08:33:00+05:53,,,,,,
alert,,,,,,,,,,D0024,,,,,,,,,G005,,,,,,,,,,,,,,,,,,,,,,A00004,geofence_breach,medium,2025-08-18T21:00:00+05:53,2025-08-18T22:19:00+05:53,,,,,,
alert,,,,,,,,,,D0019,,,,,,,,,G002,,,,,,,,,,,,,,,,,,,,,,A00005,low_battery,low,2025-08-19T14:00:00+05:53,2025-08-19T14:47:00+05:53,,,,,,
alert,,,,,,,,,,D0008,,,,,,,,,G004,,,,,,,,,,,,,,,,,,,,,,A00006,connectivity_drop,low,2025-08-19T12:00:00+05:53,2025-08-19T13:15:00+05:53,,,,,,
alert,,,,,,,,,,D0021,,,,,,,,,G006,,,,,,,,,,,,,,,,,,,,,,A00007,low_battery,medium,2025-08-19T09:00:00+05:53,2025-08-19T10:27:00+05:53,,,,,,
alert,,,,,,,,,,D0024,,,,,,,,,G006,,,,,,,,,,,,,,,,,,,,,,A00008,low_battery,low,2025-08-19T19:00:00+05:53,2025-08-19T19:50:00+05:53,,,,,,
alert,,,,,,,,,,D0006,,,,,,,,,G004,,,,,,,,,,,,,,,,,,,,,,A00009,connectivity_drop,high,2025-08-18T20:00:00+05:53,2025-08-18T20:28:00+05:53,,,,,,
alert,,,,,,,,,,D0030,,,,,,,,,G005,,,,,,,,,,,,,,,,,,,,,,A00010,connectivity_drop,low,2025-08-19T22:00:00+05:53,2025-08-19T22:09:00+05:53,,,,,,
alert,,,,,,,,,,D0027,,,,,,,,,G001,,,,,,,,,,,,,,,,,,,,,,A00011,connectivity_drop,low,2025-08-18T16:00:00+05:53,2025-08-18T16:57:00+05:53,,,,,,
alert,,,,,,,,,,D0005,,,,,,,,,G002,,,,,,,,,,,,,,,,,,,,,,A00012,geofence_breach,high,2025-08-19T02:00:00+05:53,2025-08-19T02:06:00+05:53,,,,,,
alert,,,,,,,,,,D0007,,,,,,,,,G001,,,,,,,,,,,,,,,,,,,,,,A00013,low_battery,medium,2025-08-19T20:00:00+05:53,2025-08-19T21:24:00+05:53,,,,,,
alert,,,,,,,,,,D0021,,,,,,,,,G001,,,,,,,,,,,,,,,,,,,,,,A00014,connectivity_drop,medium,2025-08-19T18:00:00+05:53,2025-08-19T18:05:00+05:53,,,,,,
alert,,,,,,,,,,D0018,,,,,,,,,G001,,,,,,,,,,,,,,,,,,,,,,A00015,low_battery,low,2025-08-19T23:00:00+05:53,2025-08-20T00:12:00+05:53,,,,,,
alert,,,,,,,,,,D0024,,,,,,,,,G001,,,,,,,,,,,,,,,,,,,,,,A00016,connectivity_drop,medium,2025-08-19T05:00:00+05:53,2025-08-19T06:09:00+05:53,,,,,,
alert,,,,,,,,,,D0027,,,,,,,,,G001,,,,,,,,,,,,,,,,,,,,,,A00017,geofence_breach,low,2025-08-19T15:00:00+05:53,2025-08-19T16:12:00+05:53,,,,,,
alert,,,,,,,,,,D0005,,,,,,,,,G005,,,,,,,,,,,,,,,,,,,,,,A00018,geofence_breach,high,2025-08-19T03:00:00+05:53,2025-08-19T03:37:00+05:53,,,,,,
alert,,,,,,,,,,D0027,,,,,,,,,G001,,,,,,,,,,,,,,,,,,,,,,A00019,low_battery,medium,2025-08-19T10:00:00+05:53,2025-08-19T10:52:00+05:53,,,,,,
alert,,,,,,,,,,D0013,,,,,,,,,G006,,,,,,,,,,,,,,,,,,,,,,A00020,connectivity_drop,low,2025-08-19T17:00:00+05:53,2025-08-19T17:33:00+05:53,,,,,,
alert,,,,,,,,,,D0010,,,,,,,,,G001,,,,,,,,,,,,,,,,,,,,,,A00021,connectivity_drop,high,2025-08-18T17:00:00+05:53,2025-08-18T17:16:00+05:53,,,,,,
alert,,,,,,,,,,D0013,,,,,,,,,G004,,,,,,,,,,,,,,,,,,,,,,A00022,low_battery,high,2025-08-19T12:00:00+05:53,2025-08-19T12:12:00+05:53,,,,,,
alert,,,,,,,,,,D0021,,,,,,,,,G001,,,,,,,,,,,,,,,,,,,,,,A00023,connectivity_drop,low,2025-08-18T12:00:00+05:53,2025-08-18T13:08:00+05:53,,,,,,
alert,,,,,,,,,,D0028,,,,,,,,,G005,,,,,,,,,,,,,,,,,,,,,,A00024,connectivity_drop,medium,2025-08-19T15:00:00+05:53,2025-08-19T15:17:00+05:53,,,,,,
alert,,,,,,,,,,D0029,,,,,,,,,G002,,,,,,,,,,,,,,,,,,,,,,A00025,geofence_breach,low,2025-08-19T21:00:00+05:53,2025-08-19T22:17:00+05:53,,,,,,
alert,,,,,,,,,,D0016,,,,,,,,,G006,,,,,,,,,,,,,,,,,,,,,,A00026,geofence_breach,low,2025-08-19T05:00:00+05:53,2025-08-19T05:40:00+05:53,,,,,,
alert,,,,,,,,,,D0029,,,,,,,,,G001,,,,,,,,,,,,,,,,,,,,,,A00027,connectivity_drop,high,2025-08-19T22:00:00+05:53,2025-08-19T22:27:00+05:53,,,,,,
alert,,,,,,,,,,D0030,,,,,,,,,G005,,,,,,,,,,,,,,,,,,,,,,A00028,geofence_breach,low,2025-08-19T08:00:00+05:53,2025-08-19T08:23:00+05:53,,,,,,
alert,,,,,,,,,,D0025,,,,,,,,,G002,,,,,,,,,,,,,,,,,,,,,,A00029,geofence_breach,medium,2025-08-19T13:00:00+05:53,2025-08-19T14:17:00+05:53,,,,,,
alert,,,,,,,,,,D0008,,,,,,,,,G005,,,,,,,,,,,,,,,,,,,,,,A00030,low_battery,high,2025-08-20T00:00:00+05:53,2025-08-20T00:47:00+05:53,,,,,,
alert,,,,,,,,,,D0013,,,,,,,,,G001,,,,,,,,,,,,,,,,,,,,,,A00031,connectivity_drop,high,2025-08-18T20:00:00+05:53,2025-08-18T21:09:00+05:53,,,,,,
alert,,,,,,,,,,D0024,,,,,,,,,G004,,,,,,,,,,,,,,,,,,,,,,A00032,geofence_breach,low,2025-08-19T10:00:00+05:53,2025-08-19T10:34:00+05:53,,,,,,
alert,,,,,,,,,,D0027,,,,,,,,,G005,,,,,,,,,,,,,,,,,,,,,,A00033,low_battery,high,2025-08-18T16:00:00+05:53,2025-08-18T17:21:00+05:53,,,,,,
alert,,,,,,,,,,D0013,,,,,,,,,G003,,,,,,,,,,,,,,,,,,,,,,A00034,geofence_breach,high,2025-08-19T08:00:00+05:53,2025-08-19T09:02:00+05:53,,,,,,
alert,,,,,,,,,,D0016,,,,,,,,,G004,,,,,,,,,,,,,,,,,,,,,,A00035,low_battery,high,2025-08-19T02:00:00+05:53,2025-08-19T03:00:00+05:53,,,,,,
alert,,,,,,,,,,D0006,,,,,,,,,G003,,,,,,,,,,,,,,,,,,,,,,A00036,geofence_breach,high,2025-08-19T12:00:00+05:53,2025-08-19T12:36:00+05:53,,,,,,
alert,,,,,,,,,,D0023,,,,,,,,,G002,,,,,,,,,,,,,,,,,,,,,,A00037,geofence_breach,medium,2025-08-18T16:00:00+05:53,2025-08-18T16:53:00+05:53,,,,,,
alert,,,,,,,,,,D0023,,,,,,,,,G003,,,,,,,,,,,,,,,,,,,,,,A00038,connectivity_drop,medium,2025-08-18T21:00:00+05:53,2025-08-18T21:51:00+05:53,,,,,,
alert,,,,,,,,,,D0004,,,,,,,,,G004,,,,,,,,,,,,,,,,,,,,,,A00039,geofence_breach,medium,2025-08-18T17:00:00+05:53,2025-08-18T17:51:00+05:53,,,,,,
alert,,,,,,,,,,D0025,,,,,,,,,G001,,,,,,,,,,,,,,,,,,,,,,A00040,geofence_breach,low,2025-08-19T05:00:00+05:53,2025-08-19T05:28:00+05:53,,,,,,
audit,,,,,,,,,,,,,,,,,,,,,,,,,,,,2025-08-19T16:00:00+05:53,,,,,,,,,,,,,,,,,,AU00001,U007,agency_manager,geofence_create,G006,10.208.52.7
audit,,,,,,,,,,,,,,,,,,,,,,,,,,,,2025-08-19T10:00:00+05:53,,,,,,,,,,,,,,,,,,AU00002,U002,operator,geofence_create,D0006,10.166.197.4
audit,,,,,,,,,,,,,,,,,,,,,,,,,,,,2025-08-19T14:00:00+05:53,,,,,,,,,,,,,,,,,,AU00003,U005,end_user,rbac_update,D0006,10.124.86.176
audit,,,,,,,,,,,,,,,,,,,,,,,,,,,,2025-08-18T22:00:00+05:53,,,,,,,,,,,,,,,,,,AU00004,U007,agency_manager,device_approve,D0018,10.154.137.127
audit,,,,,,,,,,,,,,,,,,,,,,,,,,,,2025-08-18T16:00:00+05:53,,,,,,,,,,,,,,,,,,AU00005,U003,end_user,device_approve,D0028,10.141.215.77
audit,,,,,,,,,,,,,,,,,,,,,,,,,,,,2025-08-18T16:00:00+05:53,,,,,,,,,,,,,,,,,,AU00006,U008,admin,user_create,D0017,10.126.253.153
audit,,,,,,,,,,,,,,,,,,,,,,,,,,,,2025-08-19T00:00:00+05:53,,,,,,,,,,,,,,,,,,AU00007,U010,admin,rbac_update,D0007,10.69.155.2
audit,,,,,,,,,,,,,,,,,,,,,,,,,,,,2025-08-19T09:00:00+05:53,,,,,,,,,,,,,,,,,,AU00008,U007,agency_manager,command_issue,U004,10.194.168.113
audit,,,,,,,,,,,,,,,,,,,,,,,,,,,,2025-08-19T15:00:00+05:53,,,,,,,,,,,,,,,,,,AU00009,U006,end_user,command_issue,U006,10.69.153.83
audit,,,,,,,,,,,,,,,,,,,,,,,,,,,,2025-08-20T08:00:00+05:53,,,,,,,,,,,,,,,,,,AU00010,U010,admin,device_approve,G001,10.160.90.247
audit,,,,,,,,,,,,,,,,,,,,,,,,,,,,2025-08-19T08:00:00+05:53,,,,,,,,,,,,,,,,,,AU00011,U007,agency_manager,user_create,U009,10.251.124.84
audit,,,,,,,,,,,,,,,,,,,,,,,,,,,,2025-08-19T05:00:00+05:53,,,,,,,,,,,,,,,,,,AU00012,U007,agency_manager,command_issue,D0026,10.186.58.239
audit,,,,,,,,,,,,,,,,,,,,,,,,,,,,2025-08-19T00:00:00+05:53,,,,,,,,,,,,,,,,,,AU00013,U010,admin,geofence_create,G005,10.92.13.244
audit,,,,,,,,,,,,,,,,,,,,,,,,,,,,2025-08-20T09:00:00+05:53,,,,,,,,,,,,,,,,,,AU00014,U008,admin,device_approve,D0029,10.149.35.210
audit,,,,,,,,,,,,,,,,,,,,,,,,,,,,2025-08-20T07:00:00+05:53,,,,,,,,,,,,,,,,,,AU00015,U007,agency_manager,rbac_update,D0009,10.155.123.65
audit,,,,,,,,,,,,,,,,,,,,,,,,,,,,2025-08-20T09:00:00+05:53,,,,,,,,,,,,,,,,,,AU00016,U003,end_user,rbac_update,D0025,10.37.229.254
audit,,,,,,,,,,,,,,,,,,,,,,,,,,,,2025-08-19T18:00:00+05:53,,,,,,,,,,,,,,,,,,AU00017,U010,admin,geofence_create,D0026,10.214.18.203
audit,,,,,,,,,,,,,,,,,,,,,,,,,,,,2025-08-20T08:00:00+05:53,,,,,,,,,,,,,,,,,,AU00018,U006,end_user,command_issue,G005,10.43.55.197
audit,,,,,,,,,,,,,,,,,,,,,,,,,,,,2025-08-20T06:00:00+05:53,,,,,,,,,,,,,,,,,,AU00019,U004,agency_manager,ota_trigger,D0023,10.85.22.145
audit,,,,,,,,,,,,,,,,,,,,,,,,,,,,2025-08-20T12:00:00+05:53,,,,,,,,,,,,,,,,,,AU00020,U007,agency_manager,user_create,D0028,10.54.5.26
audit,,,,,,,,,,,,,,,,,,,,,,,,,,,,2025-08-19T02:00:00+05:53,,,,,,,,,,,,,,,,,,AU00021,U005,end_user,geofence_create,G004,10.113.228.96
audit,,,,,,,,,,,,,,,,,,,,,,,,,,,,2025-08-19T17:00:00+05:53,,,,,,,,,,,,,,,,,,AU00022,U007,agency_manager,command_issue,U008,10.77.176.7
audit,,,,,,,,,,,,,,,,,,,,,,,,,,,,2025-08-18T18:00:00+05:53,,,,,,,,,,,,,,,,,,AU00023,U008,admin,user_create,D0027,10.43.59.213
audit,,,,,,,,,,,,,,,,,,,,,,,,,,,,2025-08-19T10:00:00+05:53,,,,,,,,,,,,,,,,,,AU00024,U003,end_user,user_create,D0022,10.233.105.134
audit,,,,,,,,,,,,,,,,,,,,,,,,,,,,2025-08-19T10:00:00+05:53,,,,,,,,,,,,,,,,,,AU00025,U008,admin,rbac_update,D0007,10.224.231.82
audit,,,,,,,,,,,,,,,,,,,,,,,,,,,,2025-08-19T07:00:00+05:53,,,,,,,,,,,,,,,,,,AU00026,U002,operator,device_create,U010,10.58.11.218
audit,,,,,,,,,,,,,,,,,,,,,,,,,,,,2025-08-20T05:00:00+05:53,,,,,,,,,,,,,,,,,,AU00027,U006,end_user,device_create,U008,10.84.124.133
audit,,,,,,,,,,,,,,,,,,,,,,,,,,,,2025-08-19T23:00:00+05:53,,,,,,,,,,,,,,,,,,AU00028,U003,end_user,device_approve,D0022,10.218.236.60
audit,,,,,,,,,,,,,,,,,,,,,,,,,,,,2025-08-20T04:00:00+05:53,,,,,,,,,,,,,,,,,,AU00029,U007,agency_manager,device_approve,D0012,10.221.202.8
audit,,,,,,,,,,,,,,,,,,,,,,,,,,,,2025-08-19T00:00:00+05:53,,,,,,,,,,,,,,,,,,AU00030,U010,admin,rbac_update,U002,10.219.199.2
audit,,,,,,,,,,,,,,,,,,,,,,,,,,,,2025-08-19T01:00:00+05:53,,,,,,,,,,,,,,,,,,AU00031,U004,agency_manager,user_create,U010,10.32.52.205
audit,,,,,,,,,,,,,,,,,,,,,,,,,,,,2025-08-18T23:00:00+05:53,,,,,,,,,,,,,,,,,,AU00032,U009,operator,user_create,D0021,10.100.234.30
audit,,,,,,,,,,,,,,,,,,,,,,,,,,,,2025-08-20T06:00:00+05:53,,,,,,,,,,,,,,,,,,AU00033,U005,end_user,command_issue,G002,10.160.198.157
audit,,,,,,,,,,,,,,,,,,,,,,,,,,,,2025-08-20T01:00:00+05:53,,,,,,,,,,,,,,,,,,AU00034,U007,agency_manager,device_create,D0023,10.180.234.159
audit,,,,,,,,,,,,,,,,,,,,,,,,,,,,2025-08-20T07:00:00+05:53,,,,,,,,,,,,,,,,,,AU00035,U003,end_user,ota_trigger,D0020,10.43.68.81
audit,,,,,,,,,,,,,,,,,,,,,,,,,,,,2025-08-19T03:00:00+05:53,,,,,,,,,,,,,,,,,,AU00036,U002,operator,user_create,D0008,10.93.191.178
audit,,,,,,,,,,,,,,,,,,,,,,,,,,,,2025-08-19T20:00:00+05:53,,,,,,,,,,,,,,,,,,AU00037,U003,end_user,rbac_update,D0027,10.70.196.109
audit,,,,,,,,,,,,,,,,,,,,,,,,,,,,2025-08-19T19:00:00+05:53,,,,,,,,,,,,,,,,,,AU00038,U003,end_user,ota_trigger,G005,10.88.85.126
audit,,,,,,,,,,,,,,,,,,,,,,,,,,,,2025-08-18T20:00:00+05:53,,,,,,,,,,,,,,,,,,AU00039,U005,end_user,device_approve,D0021,10.230.27.222
audit,,,,,,,,,,,,,,,,,,,,,,,,,,,,2025-08-18T12:00:00+05:53,,,,,,,,,,,,,,,,,,AU00040,U006,end_user,rbac_update,D0009,10.99.196.247
audit,,,,,,,,,,,,,,,,,,,,,,,,,,,,2025-08-19T20:00:00+05:53,,,,,,,,,,,,,,,,,,AU00041,U009,operator,ota_trigger,G002,10.209.251.107
audit,,,,,,,,,,,,,,,,,,,,,,,,,,,,2025-08-19T19:00:00+05:53,,,,,,,,,,,,,,,,,,AU00042,U008,admin,device_approve,D0006,10.15.112.75
audit,,,,,,,,,,,,,,,,,,,,,,,,,,,,2025-08-19T05:00:00+05:53,,,,,,,,,,,,,,,,,,AU00043,U001,end_user,device_approve,G005,10.147.86.200
audit,,,,,,,,,,,,,,,,,,,,,,,,,,,,2025-08-20T00:00:00+05:53,,,,,,,,,,,,,,,,,,AU00044,U008,admin,ota_trigger,G002,10.57.58.69
audit,,,,,,,,,,,,,,,,,,,,,,,,,,,,2025-08-19T11:00:00+05:53,,,,,,,,,,,,,,,,,,AU00045,U009,operator,geofence_create,D0003,10.225.111.254
audit,,,,,,,,,,,,,,,,,,,,,,,,,,,,2025-08-18T18:00:00+05:53,,,,,,,,,,,,,,,,,,AU00046,U007,agency_manager,ota_trigger,U006,10.126.152.224
audit,,,,,,,,,,,,,,,,,,,,,,,,,,,,2025-08-19T16:00:00+05:53,,,,,,,,,,,,,,,,,,AU00047,U001,end_user,user_create,D0023,10.44.224.222
audit,,,,,,,,,,,,,,,,,,,,,,,,,,,,2025-08-19T03:00:00+05:53,,,,,,,,,,,,,,,,,,AU00048,U002,operator,device_approve,U002,10.179.219.43
audit,,,,,,,,,,,,,,,,,,,,,,,,,,,,2025-08-18T20:00:00+05:53,,,,,,,,,,,,,,,,,,AU00049,U010,admin,command_issue,D0014,10.105.30.146
audit,,,,,,,,,,,,,,,,,,,,,,,,,,,,2025-08-19T22:00:00+05:53,,,,,,,,,,,,,,,,,,AU00050,U006,end_user,user_create,U003,10.86.165.251
audit,,,,,,,,,,,,,,,,,,,,,,,,,,,,2025-08-19T06:00:00+05:53,,,,,,,,,,,,,,,,,,AU00051,U005,end_user,geofence_create,D0018,10.48.69.247
audit,,,,,,,,,,,,,,,,,,,,,,,,,,,,2025-08-18T15:00:00+05:53,,,,,,,,,,,,,,,,,,AU00052,U007,agency_manager,user_create,U006,10.64.67.64
audit,,,,,,,,,,,,,,,,,,,,,,,,,,,,2025-08-20T09:00:00+05:53,,,,,,,,,,,,,,,,,,AU00053,U003,end_user,user_create,D0016,10.201.250.37
audit,,,,,,,,,,,,,,,,,,,,,,,,,,,,2025-08-20T04:00:00+05:53,,,,,,,,,,,,,,,,,,AU00054,U010,admin,user_create,U005,10.212.192.116
audit,,,,,,,,,,,,,,,,,,,,,,,,,,,,2025-08-20T04:00:00+05:53,,,,,,,,,,,,,,,,,,AU00055,U002,operator,command_issue,D0006,10.206.142.178
audit,,,,,,,,,,,,,,,,,,,,,,,,,,,,2025-08-19T17:00:00+05:53,,,,,,,,,,,,,,,,,,AU00056,U006,end_user,rbac_update,D0021,10.1.47.188
audit,,,,,,,,,,,,,,,,,,,,,,,,,,,,2025-08-20T04:00:00+05:53,,,,,,,,,,,,,,,,,,AU00057,U008,admin,ota_trigger,U009,10.183.32.204
audit,,,,,,,,,,,,,,,,,,,,,,,,,,,,2025-08-19T13:00:00+05:53,,,,,,,,,,,,,,,,,,AU00058,U009,operator,device_approve,D0028,10.108.253.69
audit,,,,,,,,,,,,,,,,,,,,,,,,,,,,2025-08-19T06:00:00+05:53,,,,,,,,,,,,,,,,,,AU00059,U006,end_user,user_create,G006,10.66.248.202
audit,,,,,,,,,,,,,,,,,,,,,,,,,,,,2025-08-20T07:00:00+05:53,,,,,,,,,,,,,,,,,,AU00060,U006,end_user,command_issue,D0004,10.23.50.161
audit,,,,,,,,,,,,,,,,,,,,,,,,,,,,2025-08-18T13:00:00+05:53,,,,,,,,,,,,,,,,,,AU00061,U008,admin,device_create,D0011,10.225.233.1
audit,,,,,,,,,,,,,,,,,,,,,,,,,,,,2025-08-19T00:00:00+05:53,,,,,,,,,,,,,,,,,,AU00062,U007,agency_manager,ota_trigger,D0009,10.154.81.224
audit,,,,,,,,,,,,,,,,,,,,,,,,,,,,2025-08-18T17:00:00+05:53,,,,,,,,,,,,,,,,,,AU00063,U005,end_user,ota_trigger,D0024,10.128.42.96
audit,,,,,,,,,,,,,,,,,,,,,,,,,,,,2025-08-18T15:00:00+05:53,,,,,,,,,,,,,,,,,,AU00064,U003,end_user,rbac_update,U005,10.156.119.110
audit,,,,,,,,,,,,,,,,,,,,,,,,,,,,2025-08-20T09:00:00+05:53,,,,,,,,,,,,,,,,,,AU00065,U002,operator,device_create,D0001,10.109.244.20
audit,,,,,,,,,,,,,,,,,,,,,,,,,,,,2025-08-20T01:00:00+05:53,,,,,,,,,,,,,,,,,,AU00066,U003,end_user,device_approve,G004,10.227.4.3
audit,,,,,,,,,,,,,,,,,,,,,,,,,,,,2025-08-18T19:00:00+05:53,,,,,,,,,,,,,,,,,,AU00067,U006,end_user,command_issue,D0028,10.67.244.19
audit,,,,,,,,,,,,,,,,,,,,,,,,,,,,2025-08-19T12:00:00+05:53,,,,,,,,,,,,,,,,,,AU00068,U004,agency_manager,device_create,D0007,10.52.160.95
audit,,,,,,,,,,,,,,,,,,,,,,,,,,,,2025-08-18T20:00:00+05:53,,,,,,,,,,,,,,,,,,AU00069,U005,end_user,rbac_update,D0009,10.73.35.136
audit,,,,,,,,,,,,,,,,,,,,,,,,,,,,2025-08-18T12:00:00+05:53,,,,,,,,,,,,,,,,,,AU00070,U010,admin,geofence_create,U006,10.84.225.90
audit,,,,,,,,,,,,,,,,,,,,,,,,,,,,2025-08-20T04:00:00+05:53,,,,,,,,,,,,,,,,,,AU00071,U004,agency_manager,ota_trigger,D0010,10.210.226.221
audit,,,,,,,,,,,,,,,,,,,,,,,,,,,,2025-08-18T17:00:00+05:53,,,,,,,,,,,,,,,,,,AU00072,U004,agency_manager,device_create,D0009,10.63.196.90
audit,,,,,,,,,,,,,,,,,,,,,,,,,,,,2025-08-19T08:00:00+05:53,,,,,,,,,,,,,,,,,,AU00073,U007,agency_manager,command_issue,D0009,10.126.141.166
audit,,,,,,,,,,,,,,,,,,,,,,,,,,,,2025-08-19T03:00:00+05:53,,,,,,,,,,,,,,,,,,AU00074,U002,operator,geofence_create,U003,10.145.13.218
audit,,,,,,,,,,,,,,,,,,,,,,,,,,,,2025-08-19T01:00:00+05:53,,,,,,,,,,,,,,,,,,AU00075,U005,end_user,geofence_create,U003,10.96.200.76
audit,,,,,,,,,,,,,,,,,,,,,,,,,,,,2025-08-19T03:00:00+05:53,,,,,,,,,,,,,,,,,,AU00076,U001,end_user,rbac_update,D0025,10.57.123.128
audit,,,,,,,,,,,,,,,,,,,,,,,,,,,,2025-08-18T16:00:00+05:53,,,,,,,,,,,,,,,,,,AU00077,U010,admin,geofence_create,D0001,10.184.162.34
audit,,,,,,,,,,,,,,,,,,,,,,,,,,,,2025-08-20T00:00:00+05:53,,,,,,,,,,,,,,,,,,AU00078,U007,agency_manager,rbac_update,D0024,10.88.241.245
audit,,,,,,,,,,,,,,,,,,,,,,,,,,,,2025-08-18T13:00:00+05:53,,,,,,,,,,,,,,,,,,AU00079,U002,operator,geofence_create,D0005,10.7.134.56
audit,,,,,,,,,,,,,,,,,,,,,,,,,,,,2025-08-18T15:00:00+05:53,,,,,,,,,,,,,,,,,,AU00080,U001,end_user,command_issue,D0026,10.146.212.109
